PopCode,Area,Year,Week,Sex,Age,AgeInterval,Deaths,Type,Access
USA,1,2013,1,b,0,18,715,O,O
USA,1,2013,1,b,18,47,13779,O,O
USA,1,2013,1,b,65,+,44936,O,O
USA,1,2013,1,b,TOT,.,59430,O,O
USA,1,2013,2,b,0,18,725,O,O
USA,1,2013,2,b,18,47,13856,O,O
USA,1,2013,2,b,65,+,46209,O,O
USA,1,2013,2,b,TOT,.,60790,O,O
USA,1,2013,3,b,0,18,691,O,O
USA,1,2013,3,b,18,47,13431,O,O
USA,1,2013,3,b,65,+,45037,O,O
USA,1,2013,3,b,TOT,.,59159,O,O
USA,1,2013,4,b,0,18,720,O,O
USA,1,2013,4,b,18,47,13235,O,O
USA,1,2013,4,b,65,+,43888,O,O
USA,1,2013,4,b,TOT,.,57843,O,O
USA,1,2013,5,b,0,18,690,O,O
USA,1,2013,5,b,18,47,13065,O,O
USA,1,2013,5,b,65,+,42590,O,O
USA,1,2013,5,b,TOT,.,56345,O,O
USA,1,2013,6,b,0,18,695,O,O
USA,1,2013,6,b,18,47,13376,O,O
USA,1,2013,6,b,65,+,41612,O,O
USA,1,2013,6,b,TOT,.,55683,O,O
USA,1,2013,7,b,0,18,708,O,O
USA,1,2013,7,b,18,47,12942,O,O
USA,1,2013,7,b,65,+,40768,O,O
USA,1,2013,7,b,TOT,.,54418,O,O
USA,1,2013,8,b,0,18,719,O,O
USA,1,2013,8,b,18,47,12868,O,O
USA,1,2013,8,b,65,+,39881,O,O
USA,1,2013,8,b,TOT,.,53468,O,O
USA,1,2013,9,b,0,18,711,O,O
USA,1,2013,9,b,18,47,12751,O,O
USA,1,2013,9,b,65,+,39587,O,O
USA,1,2013,9,b,TOT,.,53049,O,O
USA,1,2013,10,b,0,18,710,O,O
USA,1,2013,10,b,18,47,13029,O,O
USA,1,2013,10,b,65,+,39593,O,O
USA,1,2013,10,b,TOT,.,53332,O,O
USA,1,2013,11,b,0,18,771,O,O
USA,1,2013,11,b,18,47,13151,O,O
USA,1,2013,11,b,65,+,39094,O,O
USA,1,2013,11,b,TOT,.,53016,O,O
USA,1,2013,12,b,0,18,751,O,O
USA,1,2013,12,b,18,47,12758,O,O
USA,1,2013,12,b,65,+,38559,O,O
USA,1,2013,12,b,TOT,.,52068,O,O
USA,1,2013,13,b,0,18,684,O,O
USA,1,2013,13,b,18,47,12624,O,O
USA,1,2013,13,b,65,+,38480,O,O
USA,1,2013,13,b,TOT,.,51788,O,O
USA,1,2013,14,b,0,18,674,O,O
USA,1,2013,14,b,18,47,13019,O,O
USA,1,2013,14,b,65,+,37629,O,O
USA,1,2013,14,b,TOT,.,51322,O,O
USA,1,2013,15,b,0,18,741,O,O
USA,1,2013,15,b,18,47,12402,O,O
USA,1,2013,15,b,65,+,37699,O,O
USA,1,2013,15,b,TOT,.,50842,O,O
USA,1,2013,16,b,0,18,704,O,O
USA,1,2013,16,b,18,47,12364,O,O
USA,1,2013,16,b,65,+,36463,O,O
USA,1,2013,16,b,TOT,.,49531,O,O
USA,1,2013,17,b,0,18,675,O,O
USA,1,2013,17,b,18,47,12233,O,O
USA,1,2013,17,b,65,+,35440,O,O
USA,1,2013,17,b,TOT,.,48348,O,O
USA,1,2013,18,b,0,18,714,O,O
USA,1,2013,18,b,18,47,12227,O,O
USA,1,2013,18,b,65,+,35412,O,O
USA,1,2013,18,b,TOT,.,48353,O,O
USA,1,2013,19,b,0,18,704,O,O
USA,1,2013,19,b,18,47,12219,O,O
USA,1,2013,19,b,65,+,34986,O,O
USA,1,2013,19,b,TOT,.,47909,O,O
USA,1,2013,20,b,0,18,713,O,O
USA,1,2013,20,b,18,47,12055,O,O
USA,1,2013,20,b,65,+,34566,O,O
USA,1,2013,20,b,TOT,.,47334,O,O
USA,1,2013,21,b,0,18,713,O,O
USA,1,2013,21,b,18,47,12093,O,O
USA,1,2013,21,b,65,+,34477,O,O
USA,1,2013,21,b,TOT,.,47283,O,O
USA,1,2013,22,b,0,18,745,O,O
USA,1,2013,22,b,18,47,12081,O,O
USA,1,2013,22,b,65,+,33759,O,O
USA,1,2013,22,b,TOT,.,46585,O,O
USA,1,2013,23,b,0,18,735,O,O
USA,1,2013,23,b,18,47,12315,O,O
USA,1,2013,23,b,65,+,33916,O,O
USA,1,2013,23,b,TOT,.,46966,O,O
USA,1,2013,24,b,0,18,725,O,O
USA,1,2013,24,b,18,47,12222,O,O
USA,1,2013,24,b,65,+,33576,O,O
USA,1,2013,24,b,TOT,.,46523,O,O
USA,1,2013,25,b,0,18,747,O,O
USA,1,2013,25,b,18,47,12387,O,O
USA,1,2013,25,b,65,+,33308,O,O
USA,1,2013,25,b,TOT,.,46442,O,O
USA,1,2013,26,b,0,18,725,O,O
USA,1,2013,26,b,18,47,12235,O,O
USA,1,2013,26,b,65,+,33410,O,O
USA,1,2013,26,b,TOT,.,46370,O,O
USA,1,2013,27,b,0,18,730,O,O
USA,1,2013,27,b,18,47,12506,O,O
USA,1,2013,27,b,65,+,33392,O,O
USA,1,2013,27,b,TOT,.,46628,O,O
USA,1,2013,28,b,0,18,697,O,O
USA,1,2013,28,b,18,47,12258,O,O
USA,1,2013,28,b,65,+,32807,O,O
USA,1,2013,28,b,TOT,.,45762,O,O
USA,1,2013,29,b,0,18,742,O,O
USA,1,2013,29,b,18,47,12260,O,O
USA,1,2013,29,b,65,+,33125,O,O
USA,1,2013,29,b,TOT,.,46127,O,O
USA,1,2013,30,b,0,18,782,O,O
USA,1,2013,30,b,18,47,12174,O,O
USA,1,2013,30,b,65,+,33214,O,O
USA,1,2013,30,b,TOT,.,46170,O,O
USA,1,2013,31,b,0,18,653,O,O
USA,1,2013,31,b,18,47,12240,O,O
USA,1,2013,31,b,65,+,33244,O,O
USA,1,2013,31,b,TOT,.,46137,O,O
USA,1,2013,32,b,0,18,696,O,O
USA,1,2013,32,b,18,47,12168,O,O
USA,1,2013,32,b,65,+,33137,O,O
USA,1,2013,32,b,TOT,.,46001,O,O
USA,1,2013,33,b,0,18,756,O,O
USA,1,2013,33,b,18,47,12042,O,O
USA,1,2013,33,b,65,+,33024,O,O
USA,1,2013,33,b,TOT,.,45822,O,O
USA,1,2013,34,b,0,18,692,O,O
USA,1,2013,34,b,18,47,12059,O,O
USA,1,2013,34,b,65,+,33248,O,O
USA,1,2013,34,b,TOT,.,45999,O,O
USA,1,2013,35,b,0,18,727,O,O
USA,1,2013,35,b,18,47,12092,O,O
USA,1,2013,35,b,65,+,33446,O,O
USA,1,2013,35,b,TOT,.,46265,O,O
USA,1,2013,36,b,0,18,692,O,O
USA,1,2013,36,b,18,47,12080,O,O
USA,1,2013,36,b,65,+,32800,O,O
USA,1,2013,36,b,TOT,.,45572,O,O
USA,1,2013,37,b,0,18,728,O,O
USA,1,2013,37,b,18,47,12089,O,O
USA,1,2013,37,b,65,+,33366,O,O
USA,1,2013,37,b,TOT,.,46183,O,O
USA,1,2013,38,b,0,18,669,O,O
USA,1,2013,38,b,18,47,11939,O,O
USA,1,2013,38,b,65,+,33942,O,O
USA,1,2013,38,b,TOT,.,46550,O,O
USA,1,2013,39,b,0,18,722,O,O
USA,1,2013,39,b,18,47,11946,O,O
USA,1,2013,39,b,65,+,33983,O,O
USA,1,2013,39,b,TOT,.,46651,O,O
USA,1,2013,40,b,0,18,671,O,O
USA,1,2013,40,b,18,47,12202,O,O
USA,1,2013,40,b,65,+,34611,O,O
USA,1,2013,40,b,TOT,.,47492,O,O
USA,1,2013,41,b,0,18,685,O,O
USA,1,2013,41,b,18,47,12215,O,O
USA,1,2013,41,b,65,+,34394,O,O
USA,1,2013,41,b,TOT,.,47304,O,O
USA,1,2013,42,b,0,18,679,O,O
USA,1,2013,42,b,18,47,12094,O,O
USA,1,2013,42,b,65,+,34824,O,O
USA,1,2013,42,b,TOT,.,47602,O,O
USA,1,2013,43,b,0,18,685,O,O
USA,1,2013,43,b,18,47,12030,O,O
USA,1,2013,43,b,65,+,35019,O,O
USA,1,2013,43,b,TOT,.,47746,O,O
USA,1,2013,44,b,0,18,695,O,O
USA,1,2013,44,b,18,47,12354,O,O
USA,1,2013,44,b,65,+,35724,O,O
USA,1,2013,44,b,TOT,.,48777,O,O
USA,1,2013,45,b,0,18,709,O,O
USA,1,2013,45,b,18,47,12396,O,O
USA,1,2013,45,b,65,+,35829,O,O
USA,1,2013,45,b,TOT,.,48939,O,O
USA,1,2013,46,b,0,18,666,O,O
USA,1,2013,46,b,18,47,12383,O,O
USA,1,2013,46,b,65,+,36346,O,O
USA,1,2013,46,b,TOT,.,49409,O,O
USA,1,2013,47,b,0,18,663,O,O
USA,1,2013,47,b,18,47,12730,O,O
USA,1,2013,47,b,65,+,36191,O,O
USA,1,2013,47,b,TOT,.,49591,O,O
USA,1,2013,48,b,0,18,639,O,O
USA,1,2013,48,b,18,47,12481,O,O
USA,1,2013,48,b,65,+,36158,O,O
USA,1,2013,48,b,TOT,.,49288,O,O
USA,1,2013,49,b,0,18,689,O,O
USA,1,2013,49,b,18,47,12935,O,O
USA,1,2013,49,b,65,+,37183,O,O
USA,1,2013,49,b,TOT,.,50812,O,O
USA,1,2013,50,b,0,18,679,O,O
USA,1,2013,50,b,18,47,13192,O,O
USA,1,2013,50,b,65,+,37971,O,O
USA,1,2013,50,b,TOT,.,51848,O,O
USA,1,2013,51,b,0,18,709,O,O
USA,1,2013,51,b,18,47,13181,O,O
USA,1,2013,51,b,65,+,38648,O,O
USA,1,2013,51,b,TOT,.,52548,O,O
USA,1,2013,52,b,0,18,677,O,O
USA,1,2013,52,b,18,47,13362,O,O
USA,1,2013,52,b,65,+,37901,O,O
USA,1,2013,52,b,TOT,.,51954,O,O
USA,1,2014,1,b,0,18,685,O,O
USA,1,2014,1,b,18,47,14125,O,O
USA,1,2014,1,b,65,+,38459,O,O
USA,1,2014,1,b,TOT,.,53277,O,O
USA,1,2014,2,b,0,18,710,O,O
USA,1,2014,2,b,18,47,14458,O,O
USA,1,2014,2,b,65,+,40449,O,O
USA,1,2014,2,b,TOT,.,55620,O,O
USA,1,2014,3,b,0,18,693,O,O
USA,1,2014,3,b,18,47,14048,O,O
USA,1,2014,3,b,65,+,39828,O,O
USA,1,2014,3,b,TOT,.,54580,O,O
USA,1,2014,4,b,0,18,707,O,O
USA,1,2014,4,b,18,47,13839,O,O
USA,1,2014,4,b,65,+,39531,O,O
USA,1,2014,4,b,TOT,.,54085,O,O
USA,1,2014,5,b,0,18,657,O,O
USA,1,2014,5,b,18,47,13592,O,O
USA,1,2014,5,b,65,+,39701,O,O
USA,1,2014,5,b,TOT,.,53955,O,O
USA,1,2014,6,b,0,18,704,O,O
USA,1,2014,6,b,18,47,13678,O,O
USA,1,2014,6,b,65,+,39005,O,O
USA,1,2014,6,b,TOT,.,53397,O,O
USA,1,2014,7,b,0,18,707,O,O
USA,1,2014,7,b,18,47,13604,O,O
USA,1,2014,7,b,65,+,39494,O,O
USA,1,2014,7,b,TOT,.,53815,O,O
USA,1,2014,8,b,0,18,689,O,O
USA,1,2014,8,b,18,47,13266,O,O
USA,1,2014,8,b,65,+,38679,O,O
USA,1,2014,8,b,TOT,.,52642,O,O
USA,1,2014,9,b,0,18,702,O,O
USA,1,2014,9,b,18,47,13023,O,O
USA,1,2014,9,b,65,+,37944,O,O
USA,1,2014,9,b,TOT,.,51674,O,O
USA,1,2014,10,b,0,18,706,O,O
USA,1,2014,10,b,18,47,12967,O,O
USA,1,2014,10,b,65,+,38379,O,O
USA,1,2014,10,b,TOT,.,52058,O,O
USA,1,2014,11,b,0,18,650,O,O
USA,1,2014,11,b,18,47,13064,O,O
USA,1,2014,11,b,65,+,38060,O,O
USA,1,2014,11,b,TOT,.,51782,O,O
USA,1,2014,12,b,0,18,692,O,O
USA,1,2014,12,b,18,47,12821,O,O
USA,1,2014,12,b,65,+,37868,O,O
USA,1,2014,12,b,TOT,.,51385,O,O
USA,1,2014,13,b,0,18,680,O,O
USA,1,2014,13,b,18,47,12491,O,O
USA,1,2014,13,b,65,+,37677,O,O
USA,1,2014,13,b,TOT,.,50858,O,O
USA,1,2014,14,b,0,18,653,O,O
USA,1,2014,14,b,18,47,12773,O,O
USA,1,2014,14,b,65,+,37314,O,O
USA,1,2014,14,b,TOT,.,50749,O,O
USA,1,2014,15,b,0,18,691,O,O
USA,1,2014,15,b,18,47,12681,O,O
USA,1,2014,15,b,65,+,37148,O,O
USA,1,2014,15,b,TOT,.,50532,O,O
USA,1,2014,16,b,0,18,684,O,O
USA,1,2014,16,b,18,47,12500,O,O
USA,1,2014,16,b,65,+,36548,O,O
USA,1,2014,16,b,TOT,.,49736,O,O
USA,1,2014,17,b,0,18,732,O,O
USA,1,2014,17,b,18,47,12337,O,O
USA,1,2014,17,b,65,+,36672,O,O
USA,1,2014,17,b,TOT,.,49747,O,O
USA,1,2014,18,b,0,18,704,O,O
USA,1,2014,18,b,18,47,12540,O,O
USA,1,2014,18,b,65,+,36343,O,O
USA,1,2014,18,b,TOT,.,49590,O,O
USA,1,2014,19,b,0,18,753,O,O
USA,1,2014,19,b,18,47,12491,O,O
USA,1,2014,19,b,65,+,37070,O,O
USA,1,2014,19,b,TOT,.,50321,O,O
USA,1,2014,20,b,0,18,656,O,O
USA,1,2014,20,b,18,47,12142,O,O
USA,1,2014,20,b,65,+,35127,O,O
USA,1,2014,20,b,TOT,.,47931,O,O
USA,1,2014,21,b,0,18,696,O,O
USA,1,2014,21,b,18,47,12312,O,O
USA,1,2014,21,b,65,+,35584,O,O
USA,1,2014,21,b,TOT,.,48598,O,O
USA,1,2014,22,b,0,18,693,O,O
USA,1,2014,22,b,18,47,12290,O,O
USA,1,2014,22,b,65,+,35171,O,O
USA,1,2014,22,b,TOT,.,48163,O,O
USA,1,2014,23,b,0,18,704,O,O
USA,1,2014,23,b,18,47,12502,O,O
USA,1,2014,23,b,65,+,34537,O,O
USA,1,2014,23,b,TOT,.,47750,O,O
USA,1,2014,24,b,0,18,669,O,O
USA,1,2014,24,b,18,47,12330,O,O
USA,1,2014,24,b,65,+,34711,O,O
USA,1,2014,24,b,TOT,.,47715,O,O
USA,1,2014,25,b,0,18,759,O,O
USA,1,2014,25,b,18,47,12353,O,O
USA,1,2014,25,b,65,+,34417,O,O
USA,1,2014,25,b,TOT,.,47540,O,O
USA,1,2014,26,b,0,18,724,O,O
USA,1,2014,26,b,18,47,12286,O,O
USA,1,2014,26,b,65,+,34324,O,O
USA,1,2014,26,b,TOT,.,47341,O,O
USA,1,2014,27,b,0,18,698,O,O
USA,1,2014,27,b,18,47,12388,O,O
USA,1,2014,27,b,65,+,34148,O,O
USA,1,2014,27,b,TOT,.,47240,O,O
USA,1,2014,28,b,0,18,713,O,O
USA,1,2014,28,b,18,47,12421,O,O
USA,1,2014,28,b,65,+,34150,O,O
USA,1,2014,28,b,TOT,.,47292,O,O
USA,1,2014,29,b,0,18,693,O,O
USA,1,2014,29,b,18,47,12177,O,O
USA,1,2014,29,b,65,+,34215,O,O
USA,1,2014,29,b,TOT,.,47098,O,O
USA,1,2014,30,b,0,18,702,O,O
USA,1,2014,30,b,18,47,12270,O,O
USA,1,2014,30,b,65,+,34142,O,O
USA,1,2014,30,b,TOT,.,47122,O,O
USA,1,2014,31,b,0,18,729,O,O
USA,1,2014,31,b,18,47,12209,O,O
USA,1,2014,31,b,65,+,33990,O,O
USA,1,2014,31,b,TOT,.,46936,O,O
USA,1,2014,32,b,0,18,716,O,O
USA,1,2014,32,b,18,47,12233,O,O
USA,1,2014,32,b,65,+,33927,O,O
USA,1,2014,32,b,TOT,.,46885,O,O
USA,1,2014,33,b,0,18,683,O,O
USA,1,2014,33,b,18,47,12116,O,O
USA,1,2014,33,b,65,+,33834,O,O
USA,1,2014,33,b,TOT,.,46646,O,O
USA,1,2014,34,b,0,18,666,O,O
USA,1,2014,34,b,18,47,12161,O,O
USA,1,2014,34,b,65,+,33796,O,O
USA,1,2014,34,b,TOT,.,46631,O,O
USA,1,2014,35,b,0,18,727,O,O
USA,1,2014,35,b,18,47,12278,O,O
USA,1,2014,35,b,65,+,33383,O,O
USA,1,2014,35,b,TOT,.,46393,O,O
USA,1,2014,36,b,0,18,709,O,O
USA,1,2014,36,b,18,47,12407,O,O
USA,1,2014,36,b,65,+,34168,O,O
USA,1,2014,36,b,TOT,.,47288,O,O
USA,1,2014,37,b,0,18,682,O,O
USA,1,2014,37,b,18,47,12120,O,O
USA,1,2014,37,b,65,+,34002,O,O
USA,1,2014,37,b,TOT,.,46814,O,O
USA,1,2014,38,b,0,18,698,O,O
USA,1,2014,38,b,18,47,12408,O,O
USA,1,2014,38,b,65,+,34824,O,O
USA,1,2014,38,b,TOT,.,47944,O,O
USA,1,2014,39,b,0,18,639,O,O
USA,1,2014,39,b,18,47,12300,O,O
USA,1,2014,39,b,65,+,35464,O,O
USA,1,2014,39,b,TOT,.,48413,O,O
USA,1,2014,40,b,0,18,703,O,O
USA,1,2014,40,b,18,47,12529,O,O
USA,1,2014,40,b,65,+,35120,O,O
USA,1,2014,40,b,TOT,.,48359,O,O
USA,1,2014,41,b,0,18,721,O,O
USA,1,2014,41,b,18,47,12825,O,O
USA,1,2014,41,b,65,+,35792,O,O
USA,1,2014,41,b,TOT,.,49351,O,O
USA,1,2014,42,b,0,18,701,O,O
USA,1,2014,42,b,18,47,12472,O,O
USA,1,2014,42,b,65,+,36045,O,O
USA,1,2014,42,b,TOT,.,49224,O,O
USA,1,2014,43,b,0,18,658,O,O
USA,1,2014,43,b,18,47,12437,O,O
USA,1,2014,43,b,65,+,35943,O,O
USA,1,2014,43,b,TOT,.,49044,O,O
USA,1,2014,44,b,0,18,632,O,O
USA,1,2014,44,b,18,47,12400,O,O
USA,1,2014,44,b,65,+,35903,O,O
USA,1,2014,44,b,TOT,.,48947,O,O
USA,1,2014,45,b,0,18,712,O,O
USA,1,2014,45,b,18,47,12930,O,O
USA,1,2014,45,b,65,+,37302,O,O
USA,1,2014,45,b,TOT,.,50952,O,O
USA,1,2014,46,b,0,18,701,O,O
USA,1,2014,46,b,18,47,12746,O,O
USA,1,2014,46,b,65,+,36908,O,O
USA,1,2014,46,b,TOT,.,50361,O,O
USA,1,2014,47,b,0,18,682,O,O
USA,1,2014,47,b,18,47,13108,O,O
USA,1,2014,47,b,65,+,38676,O,O
USA,1,2014,47,b,TOT,.,52469,O,O
USA,1,2014,48,b,0,18,677,O,O
USA,1,2014,48,b,18,47,12697,O,O
USA,1,2014,48,b,65,+,38381,O,O
USA,1,2014,48,b,TOT,.,51762,O,O
USA,1,2014,49,b,0,18,687,O,O
USA,1,2014,49,b,18,47,13079,O,O
USA,1,2014,49,b,65,+,38955,O,O
USA,1,2014,49,b,TOT,.,52727,O,O
USA,1,2014,50,b,0,18,656,O,O
USA,1,2014,50,b,18,47,13262,O,O
USA,1,2014,50,b,65,+,39623,O,O
USA,1,2014,50,b,TOT,.,53554,O,O
USA,1,2014,51,b,0,18,684,O,O
USA,1,2014,51,b,18,47,13135,O,O
USA,1,2014,51,b,65,+,40798,O,O
USA,1,2014,51,b,TOT,.,54622,O,O
USA,1,2014,52,b,0,18,695,O,O
USA,1,2014,52,b,18,47,13264,O,O
USA,1,2014,52,b,65,+,42062,O,O
USA,1,2014,52,b,TOT,.,56028,O,O
USA,1,2015,1,b,0,18,697,O,O
USA,1,2015,1,b,18,47,14191,O,O
USA,1,2015,1,b,65,+,46843,O,O
USA,1,2015,1,b,TOT,.,61737,O,O
USA,1,2015,2,b,0,18,732,O,O
USA,1,2015,2,b,18,47,14049,O,O
USA,1,2015,2,b,65,+,46354,O,O
USA,1,2015,2,b,TOT,.,61141,O,O
USA,1,2015,3,b,0,18,701,O,O
USA,1,2015,3,b,18,47,13523,O,O
USA,1,2015,3,b,65,+,44398,O,O
USA,1,2015,3,b,TOT,.,58628,O,O
USA,1,2015,4,b,0,18,708,O,O
USA,1,2015,4,b,18,47,13198,O,O
USA,1,2015,4,b,65,+,43358,O,O
USA,1,2015,4,b,TOT,.,57269,O,O
USA,1,2015,5,b,0,18,681,O,O
USA,1,2015,5,b,18,47,13671,O,O
USA,1,2015,5,b,65,+,42925,O,O
USA,1,2015,5,b,TOT,.,57284,O,O
USA,1,2015,6,b,0,18,753,O,O
USA,1,2015,6,b,18,47,13221,O,O
USA,1,2015,6,b,65,+,42439,O,O
USA,1,2015,6,b,TOT,.,56420,O,O
USA,1,2015,7,b,0,18,708,O,O
USA,1,2015,7,b,18,47,13459,O,O
USA,1,2015,7,b,65,+,42175,O,O
USA,1,2015,7,b,TOT,.,56348,O,O
USA,1,2015,8,b,0,18,765,O,O
USA,1,2015,8,b,18,47,13094,O,O
USA,1,2015,8,b,65,+,41800,O,O
USA,1,2015,8,b,TOT,.,55668,O,O
USA,1,2015,9,b,0,18,696,O,O
USA,1,2015,9,b,18,47,13627,O,O
USA,1,2015,9,b,65,+,41401,O,O
USA,1,2015,9,b,TOT,.,55732,O,O
USA,1,2015,10,b,0,18,675,O,O
USA,1,2015,10,b,18,47,13552,O,O
USA,1,2015,10,b,65,+,41035,O,O
USA,1,2015,10,b,TOT,.,55272,O,O
USA,1,2015,11,b,0,18,768,O,O
USA,1,2015,11,b,18,47,13292,O,O
USA,1,2015,11,b,65,+,40193,O,O
USA,1,2015,11,b,TOT,.,54262,O,O
USA,1,2015,12,b,0,18,710,O,O
USA,1,2015,12,b,18,47,12940,O,O
USA,1,2015,12,b,65,+,39579,O,O
USA,1,2015,12,b,TOT,.,53238,O,O
USA,1,2015,13,b,0,18,710,O,O
USA,1,2015,13,b,18,47,13067,O,O
USA,1,2015,13,b,65,+,39222,O,O
USA,1,2015,13,b,TOT,.,53009,O,O
USA,1,2015,14,b,0,18,684,O,O
USA,1,2015,14,b,18,47,13137,O,O
USA,1,2015,14,b,65,+,38869,O,O
USA,1,2015,14,b,TOT,.,52696,O,O
USA,1,2015,15,b,0,18,739,O,O
USA,1,2015,15,b,18,47,13049,O,O
USA,1,2015,15,b,65,+,39051,O,O
USA,1,2015,15,b,TOT,.,52844,O,O
USA,1,2015,16,b,0,18,734,O,O
USA,1,2015,16,b,18,47,12794,O,O
USA,1,2015,16,b,65,+,38075,O,O
USA,1,2015,16,b,TOT,.,51608,O,O
USA,1,2015,17,b,0,18,733,O,O
USA,1,2015,17,b,18,47,12856,O,O
USA,1,2015,17,b,65,+,37868,O,O
USA,1,2015,17,b,TOT,.,51466,O,O
USA,1,2015,18,b,0,18,705,O,O
USA,1,2015,18,b,18,47,13195,O,O
USA,1,2015,18,b,65,+,37751,O,O
USA,1,2015,18,b,TOT,.,51659,O,O
USA,1,2015,19,b,0,18,728,O,O
USA,1,2015,19,b,18,47,13172,O,O
USA,1,2015,19,b,65,+,36767,O,O
USA,1,2015,19,b,TOT,.,50672,O,O
USA,1,2015,20,b,0,18,745,O,O
USA,1,2015,20,b,18,47,12587,O,O
USA,1,2015,20,b,65,+,35992,O,O
USA,1,2015,20,b,TOT,.,49327,O,O
USA,1,2015,21,b,0,18,709,O,O
USA,1,2015,21,b,18,47,12741,O,O
USA,1,2015,21,b,65,+,36263,O,O
USA,1,2015,21,b,TOT,.,49718,O,O
USA,1,2015,22,b,0,18,723,O,O
USA,1,2015,22,b,18,47,12749,O,O
USA,1,2015,22,b,65,+,35561,O,O
USA,1,2015,22,b,TOT,.,49041,O,O
USA,1,2015,23,b,0,18,735,O,O
USA,1,2015,23,b,18,47,13007,O,O
USA,1,2015,23,b,65,+,36001,O,O
USA,1,2015,23,b,TOT,.,49751,O,O
USA,1,2015,24,b,0,18,804,O,O
USA,1,2015,24,b,18,47,12969,O,O
USA,1,2015,24,b,65,+,35328,O,O
USA,1,2015,24,b,TOT,.,49109,O,O
USA,1,2015,25,b,0,18,757,O,O
USA,1,2015,25,b,18,47,12915,O,O
USA,1,2015,25,b,65,+,35381,O,O
USA,1,2015,25,b,TOT,.,49057,O,O
USA,1,2015,26,b,0,18,772,O,O
USA,1,2015,26,b,18,47,12905,O,O
USA,1,2015,26,b,65,+,35530,O,O
USA,1,2015,26,b,TOT,.,49218,O,O
USA,1,2015,27,b,0,18,707,O,O
USA,1,2015,27,b,18,47,12980,O,O
USA,1,2015,27,b,65,+,35221,O,O
USA,1,2015,27,b,TOT,.,48917,O,O
USA,1,2015,28,b,0,18,702,O,O
USA,1,2015,28,b,18,47,12841,O,O
USA,1,2015,28,b,65,+,35677,O,O
USA,1,2015,28,b,TOT,.,49227,O,O
USA,1,2015,29,b,0,18,739,O,O
USA,1,2015,29,b,18,47,12608,O,O
USA,1,2015,29,b,65,+,35191,O,O
USA,1,2015,29,b,TOT,.,48548,O,O
USA,1,2015,30,b,0,18,715,O,O
USA,1,2015,30,b,18,47,12808,O,O
USA,1,2015,30,b,65,+,34733,O,O
USA,1,2015,30,b,TOT,.,48258,O,O
USA,1,2015,31,b,0,18,743,O,O
USA,1,2015,31,b,18,47,12797,O,O
USA,1,2015,31,b,65,+,34188,O,O
USA,1,2015,31,b,TOT,.,47732,O,O
USA,1,2015,32,b,0,18,721,O,O
USA,1,2015,32,b,18,47,12709,O,O
USA,1,2015,32,b,65,+,34542,O,O
USA,1,2015,32,b,TOT,.,47977,O,O
USA,1,2015,33,b,0,18,746,O,O
USA,1,2015,33,b,18,47,12768,O,O
USA,1,2015,33,b,65,+,34916,O,O
USA,1,2015,33,b,TOT,.,48438,O,O
USA,1,2015,34,b,0,18,691,O,O
USA,1,2015,34,b,18,47,12746,O,O
USA,1,2015,34,b,65,+,35050,O,O
USA,1,2015,34,b,TOT,.,48496,O,O
USA,1,2015,35,b,0,18,715,O,O
USA,1,2015,35,b,18,47,13022,O,O
USA,1,2015,35,b,65,+,34977,O,O
USA,1,2015,35,b,TOT,.,48723,O,O
USA,1,2015,36,b,0,18,746,O,O
USA,1,2015,36,b,18,47,12712,O,O
USA,1,2015,36,b,65,+,35300,O,O
USA,1,2015,36,b,TOT,.,48762,O,O
USA,1,2015,37,b,0,18,689,O,O
USA,1,2015,37,b,18,47,12682,O,O
USA,1,2015,37,b,65,+,35480,O,O
USA,1,2015,37,b,TOT,.,48857,O,O
USA,1,2015,38,b,0,18,738,O,O
USA,1,2015,38,b,18,47,12739,O,O
USA,1,2015,38,b,65,+,35745,O,O
USA,1,2015,38,b,TOT,.,49228,O,O
USA,1,2015,39,b,0,18,604,O,O
USA,1,2015,39,b,18,47,12702,O,O
USA,1,2015,39,b,65,+,35496,O,O
USA,1,2015,39,b,TOT,.,48805,O,O
USA,1,2015,40,b,0,18,687,O,O
USA,1,2015,40,b,18,47,13203,O,O
USA,1,2015,40,b,65,+,37057,O,O
USA,1,2015,40,b,TOT,.,50950,O,O
USA,1,2015,41,b,0,18,707,O,O
USA,1,2015,41,b,18,47,12792,O,O
USA,1,2015,41,b,65,+,36330,O,O
USA,1,2015,41,b,TOT,.,49830,O,O
USA,1,2015,42,b,0,18,656,O,O
USA,1,2015,42,b,18,47,12879,O,O
USA,1,2015,42,b,65,+,37123,O,O
USA,1,2015,42,b,TOT,.,50667,O,O
USA,1,2015,43,b,0,18,659,O,O
USA,1,2015,43,b,18,47,12892,O,O
USA,1,2015,43,b,65,+,36827,O,O
USA,1,2015,43,b,TOT,.,50384,O,O
USA,1,2015,44,b,0,18,690,O,O
USA,1,2015,44,b,18,47,12965,O,O
USA,1,2015,44,b,65,+,37499,O,O
USA,1,2015,44,b,TOT,.,51158,O,O
USA,1,2015,45,b,0,18,659,O,O
USA,1,2015,45,b,18,47,13033,O,O
USA,1,2015,45,b,65,+,36974,O,O
USA,1,2015,45,b,TOT,.,50668,O,O
USA,1,2015,46,b,0,18,673,O,O
USA,1,2015,46,b,18,47,12824,O,O
USA,1,2015,46,b,65,+,37886,O,O
USA,1,2015,46,b,TOT,.,51387,O,O
USA,1,2015,47,b,0,18,684,O,O
USA,1,2015,47,b,18,47,12808,O,O
USA,1,2015,47,b,65,+,37701,O,O
USA,1,2015,47,b,TOT,.,51196,O,O
USA,1,2015,48,b,0,18,691,O,O
USA,1,2015,48,b,18,47,13201,O,O
USA,1,2015,48,b,65,+,38097,O,O
USA,1,2015,48,b,TOT,.,51996,O,O
USA,1,2015,49,b,0,18,712,O,O
USA,1,2015,49,b,18,47,13370,O,O
USA,1,2015,49,b,65,+,39467,O,O
USA,1,2015,49,b,TOT,.,53556,O,O
USA,1,2015,50,b,0,18,668,O,O
USA,1,2015,50,b,18,47,12932,O,O
USA,1,2015,50,b,65,+,38235,O,O
USA,1,2015,50,b,TOT,.,51842,O,O
USA,1,2015,51,b,0,18,740,O,O
USA,1,2015,51,b,18,47,13220,O,O
USA,1,2015,51,b,65,+,38796,O,O
USA,1,2015,51,b,TOT,.,52761,O,O
USA,1,2015,52,b,0,18,645,O,O
USA,1,2015,52,b,18,47,13135,O,O
USA,1,2015,52,b,65,+,38704,O,O
USA,1,2015,52,b,TOT,.,52490,O,O
USA,1,2015,53,b,0,18,722,O,O
USA,1,2015,53,b,18,47,13925,O,O
USA,1,2015,53,b,65,+,44688,O,O
USA,1,2015,53,b,TOT,.,59342,O,O
USA,1,2016,1,b,0,18,713,O,O
USA,1,2016,1,b,18,47,13743,O,O
USA,1,2016,1,b,65,+,41328,O,O
USA,1,2016,1,b,TOT,.,55788,O,O
USA,1,2016,2,b,0,18,684,O,O
USA,1,2016,2,b,18,47,13397,O,O
USA,1,2016,2,b,65,+,41442,O,O
USA,1,2016,2,b,TOT,.,55525,O,O
USA,1,2016,3,b,0,18,702,O,O
USA,1,2016,3,b,18,47,13514,O,O
USA,1,2016,3,b,65,+,40962,O,O
USA,1,2016,3,b,TOT,.,55182,O,O
USA,1,2016,4,b,0,18,694,O,O
USA,1,2016,4,b,18,47,13556,O,O
USA,1,2016,4,b,65,+,41352,O,O
USA,1,2016,4,b,TOT,.,55606,O,O
USA,1,2016,5,b,0,18,695,O,O
USA,1,2016,5,b,18,47,13684,O,O
USA,1,2016,5,b,65,+,40512,O,O
USA,1,2016,5,b,TOT,.,54896,O,O
USA,1,2016,6,b,0,18,752,O,O
USA,1,2016,6,b,18,47,13868,O,O
USA,1,2016,6,b,65,+,40483,O,O
USA,1,2016,6,b,TOT,.,55106,O,O
USA,1,2016,7,b,0,18,758,O,O
USA,1,2016,7,b,18,47,13856,O,O
USA,1,2016,7,b,65,+,41167,O,O
USA,1,2016,7,b,TOT,.,55785,O,O
USA,1,2016,8,b,0,18,717,O,O
USA,1,2016,8,b,18,47,13573,O,O
USA,1,2016,8,b,65,+,40572,O,O
USA,1,2016,8,b,TOT,.,54873,O,O
USA,1,2016,9,b,0,18,706,O,O
USA,1,2016,9,b,18,47,14077,O,O
USA,1,2016,9,b,65,+,41088,O,O
USA,1,2016,9,b,TOT,.,55875,O,O
USA,1,2016,10,b,0,18,693,O,O
USA,1,2016,10,b,18,47,14248,O,O
USA,1,2016,10,b,65,+,41165,O,O
USA,1,2016,10,b,TOT,.,56112,O,O
USA,1,2016,11,b,0,18,752,O,O
USA,1,2016,11,b,18,47,14072,O,O
USA,1,2016,11,b,65,+,39628,O,O
USA,1,2016,11,b,TOT,.,54462,O,O
USA,1,2016,12,b,0,18,745,O,O
USA,1,2016,12,b,18,47,13808,O,O
USA,1,2016,12,b,65,+,40107,O,O
USA,1,2016,12,b,TOT,.,54662,O,O
USA,1,2016,13,b,0,18,731,O,O
USA,1,2016,13,b,18,47,13671,O,O
USA,1,2016,13,b,65,+,39477,O,O
USA,1,2016,13,b,TOT,.,53880,O,O
USA,1,2016,14,b,0,18,721,O,O
USA,1,2016,14,b,18,47,13845,O,O
USA,1,2016,14,b,65,+,39493,O,O
USA,1,2016,14,b,TOT,.,54066,O,O
USA,1,2016,15,b,0,18,692,O,O
USA,1,2016,15,b,18,47,13641,O,O
USA,1,2016,15,b,65,+,39151,O,O
USA,1,2016,15,b,TOT,.,53490,O,O
USA,1,2016,16,b,0,18,674,O,O
USA,1,2016,16,b,18,47,13454,O,O
USA,1,2016,16,b,65,+,39016,O,O
USA,1,2016,16,b,TOT,.,53149,O,O
USA,1,2016,17,b,0,18,718,O,O
USA,1,2016,17,b,18,47,12869,O,O
USA,1,2016,17,b,65,+,37433,O,O
USA,1,2016,17,b,TOT,.,51027,O,O
USA,1,2016,18,b,0,18,729,O,O
USA,1,2016,18,b,18,47,13131,O,O
USA,1,2016,18,b,65,+,37406,O,O
USA,1,2016,18,b,TOT,.,51270,O,O
USA,1,2016,19,b,0,18,710,O,O
USA,1,2016,19,b,18,47,13217,O,O
USA,1,2016,19,b,65,+,37065,O,O
USA,1,2016,19,b,TOT,.,51000,O,O
USA,1,2016,20,b,0,18,728,O,O
USA,1,2016,20,b,18,47,12945,O,O
USA,1,2016,20,b,65,+,36788,O,O
USA,1,2016,20,b,TOT,.,50469,O,O
USA,1,2016,21,b,0,18,710,O,O
USA,1,2016,21,b,18,47,13025,O,O
USA,1,2016,21,b,65,+,36752,O,O
USA,1,2016,21,b,TOT,.,50490,O,O
USA,1,2016,22,b,0,18,757,O,O
USA,1,2016,22,b,18,47,13176,O,O
USA,1,2016,22,b,65,+,35773,O,O
USA,1,2016,22,b,TOT,.,49711,O,O
USA,1,2016,23,b,0,18,735,O,O
USA,1,2016,23,b,18,47,13155,O,O
USA,1,2016,23,b,65,+,36024,O,O
USA,1,2016,23,b,TOT,.,49917,O,O
USA,1,2016,24,b,0,18,772,O,O
USA,1,2016,24,b,18,47,13044,O,O
USA,1,2016,24,b,65,+,36090,O,O
USA,1,2016,24,b,TOT,.,49910,O,O
USA,1,2016,25,b,0,18,705,O,O
USA,1,2016,25,b,18,47,13062,O,O
USA,1,2016,25,b,65,+,35850,O,O
USA,1,2016,25,b,TOT,.,49623,O,O
USA,1,2016,26,b,0,18,746,O,O
USA,1,2016,26,b,18,47,13091,O,O
USA,1,2016,26,b,65,+,35906,O,O
USA,1,2016,26,b,TOT,.,49746,O,O
USA,1,2016,27,b,0,18,671,O,O
USA,1,2016,27,b,18,47,13437,O,O
USA,1,2016,27,b,65,+,35587,O,O
USA,1,2016,27,b,TOT,.,49698,O,O
USA,1,2016,28,b,0,18,729,O,O
USA,1,2016,28,b,18,47,13159,O,O
USA,1,2016,28,b,65,+,35744,O,O
USA,1,2016,28,b,TOT,.,49637,O,O
USA,1,2016,29,b,0,18,747,O,O
USA,1,2016,29,b,18,47,13208,O,O
USA,1,2016,29,b,65,+,35311,O,O
USA,1,2016,29,b,TOT,.,49275,O,O
USA,1,2016,30,b,0,18,724,O,O
USA,1,2016,30,b,18,47,13230,O,O
USA,1,2016,30,b,65,+,35736,O,O
USA,1,2016,30,b,TOT,.,49698,O,O
USA,1,2016,31,b,0,18,705,O,O
USA,1,2016,31,b,18,47,13313,O,O
USA,1,2016,31,b,65,+,35483,O,O
USA,1,2016,31,b,TOT,.,49505,O,O
USA,1,2016,32,b,0,18,740,O,O
USA,1,2016,32,b,18,47,13301,O,O
USA,1,2016,32,b,65,+,35693,O,O
USA,1,2016,32,b,TOT,.,49740,O,O
USA,1,2016,33,b,0,18,732,O,O
USA,1,2016,33,b,18,47,12931,O,O
USA,1,2016,33,b,65,+,36143,O,O
USA,1,2016,33,b,TOT,.,49809,O,O
USA,1,2016,34,b,0,18,752,O,O
USA,1,2016,34,b,18,47,13037,O,O
USA,1,2016,34,b,65,+,35713,O,O
USA,1,2016,34,b,TOT,.,49509,O,O
USA,1,2016,35,b,0,18,659,O,O
USA,1,2016,35,b,18,47,13099,O,O
USA,1,2016,35,b,65,+,35815,O,O
USA,1,2016,35,b,TOT,.,49576,O,O
USA,1,2016,36,b,0,18,712,O,O
USA,1,2016,36,b,18,47,13440,O,O
USA,1,2016,36,b,65,+,35914,O,O
USA,1,2016,36,b,TOT,.,50075,O,O
USA,1,2016,37,b,0,18,752,O,O
USA,1,2016,37,b,18,47,12964,O,O
USA,1,2016,37,b,65,+,36191,O,O
USA,1,2016,37,b,TOT,.,49915,O,O
USA,1,2016,38,b,0,18,669,O,O
USA,1,2016,38,b,18,47,12903,O,O
USA,1,2016,38,b,65,+,36299,O,O
USA,1,2016,38,b,TOT,.,49876,O,O
USA,1,2016,39,b,0,18,682,O,O
USA,1,2016,39,b,18,47,13119,O,O
USA,1,2016,39,b,65,+,36447,O,O
USA,1,2016,39,b,TOT,.,50254,O,O
USA,1,2016,40,b,0,18,732,O,O
USA,1,2016,40,b,18,47,13663,O,O
USA,1,2016,40,b,65,+,36999,O,O
USA,1,2016,40,b,TOT,.,51400,O,O
USA,1,2016,41,b,0,18,690,O,O
USA,1,2016,41,b,18,47,13339,O,O
USA,1,2016,41,b,65,+,38091,O,O
USA,1,2016,41,b,TOT,.,52124,O,O
USA,1,2016,42,b,0,18,715,O,O
USA,1,2016,42,b,18,47,13093,O,O
USA,1,2016,42,b,65,+,37626,O,O
USA,1,2016,42,b,TOT,.,51436,O,O
USA,1,2016,43,b,0,18,720,O,O
USA,1,2016,43,b,18,47,13178,O,O
USA,1,2016,43,b,65,+,37962,O,O
USA,1,2016,43,b,TOT,.,51864,O,O
USA,1,2016,44,b,0,18,714,O,O
USA,1,2016,44,b,18,47,13181,O,O
USA,1,2016,44,b,65,+,37839,O,O
USA,1,2016,44,b,TOT,.,51741,O,O
USA,1,2016,45,b,0,18,672,O,O
USA,1,2016,45,b,18,47,13438,O,O
USA,1,2016,45,b,65,+,38406,O,O
USA,1,2016,45,b,TOT,.,52524,O,O
USA,1,2016,46,b,0,18,644,O,O
USA,1,2016,46,b,18,47,13519,O,O
USA,1,2016,46,b,65,+,39269,O,O
USA,1,2016,46,b,TOT,.,53442,O,O
USA,1,2016,47,b,0,18,717,O,O
USA,1,2016,47,b,18,47,13479,O,O
USA,1,2016,47,b,65,+,38924,O,O
USA,1,2016,47,b,TOT,.,53128,O,O
USA,1,2016,48,b,0,18,771,O,O
USA,1,2016,48,b,18,47,13828,O,O
USA,1,2016,48,b,65,+,39893,O,O
USA,1,2016,48,b,TOT,.,54496,O,O
USA,1,2016,49,b,0,18,669,O,O
USA,1,2016,49,b,18,47,13794,O,O
USA,1,2016,49,b,65,+,40662,O,O
USA,1,2016,49,b,TOT,.,55133,O,O
USA,1,2016,50,b,0,18,713,O,O
USA,1,2016,50,b,18,47,13927,O,O
USA,1,2016,50,b,65,+,41333,O,O
USA,1,2016,50,b,TOT,.,55977,O,O
USA,1,2016,51,b,0,18,689,O,O
USA,1,2016,51,b,18,47,13998,O,O
USA,1,2016,51,b,65,+,41999,O,O
USA,1,2016,51,b,TOT,.,56696,O,O
USA,1,2016,52,b,0,18,654,O,O
USA,1,2016,52,b,18,47,14132,O,O
USA,1,2016,52,b,65,+,42817,O,O
USA,1,2016,52,b,TOT,.,57613,O,O
USA,1,2017,1,b,0,18,697,O,O
USA,1,2017,1,b,18,47,14678,O,O
USA,1,2017,1,b,65,+,44385,O,O
USA,1,2017,1,b,TOT,.,59763,O,O
USA,1,2017,2,b,0,18,695,O,O
USA,1,2017,2,b,18,47,14636,O,O
USA,1,2017,2,b,65,+,45644,O,O
USA,1,2017,2,b,TOT,.,60980,O,O
USA,1,2017,3,b,0,18,675,O,O
USA,1,2017,3,b,18,47,14185,O,O
USA,1,2017,3,b,65,+,44426,O,O
USA,1,2017,3,b,TOT,.,59293,O,O
USA,1,2017,4,b,0,18,634,O,O
USA,1,2017,4,b,18,47,13783,O,O
USA,1,2017,4,b,65,+,43628,O,O
USA,1,2017,4,b,TOT,.,58047,O,O
USA,1,2017,5,b,0,18,685,O,O
USA,1,2017,5,b,18,47,13947,O,O
USA,1,2017,5,b,65,+,43794,O,O
USA,1,2017,5,b,TOT,.,58431,O,O
USA,1,2017,6,b,0,18,692,O,O
USA,1,2017,6,b,18,47,14344,O,O
USA,1,2017,6,b,65,+,44000,O,O
USA,1,2017,6,b,TOT,.,59037,O,O
USA,1,2017,7,b,0,18,703,O,O
USA,1,2017,7,b,18,47,14019,O,O
USA,1,2017,7,b,65,+,43751,O,O
USA,1,2017,7,b,TOT,.,58478,O,O
USA,1,2017,8,b,0,18,675,O,O
USA,1,2017,8,b,18,47,13983,O,O
USA,1,2017,8,b,65,+,43624,O,O
USA,1,2017,8,b,TOT,.,58287,O,O
USA,1,2017,9,b,0,18,709,O,O
USA,1,2017,9,b,18,47,14018,O,O
USA,1,2017,9,b,65,+,42523,O,O
USA,1,2017,9,b,TOT,.,57256,O,O
USA,1,2017,10,b,0,18,691,O,O
USA,1,2017,10,b,18,47,14002,O,O
USA,1,2017,10,b,65,+,42775,O,O
USA,1,2017,10,b,TOT,.,57476,O,O
USA,1,2017,11,b,0,18,704,O,O
USA,1,2017,11,b,18,47,13861,O,O
USA,1,2017,11,b,65,+,42085,O,O
USA,1,2017,11,b,TOT,.,56656,O,O
USA,1,2017,12,b,0,18,761,O,O
USA,1,2017,12,b,18,47,13755,O,O
USA,1,2017,12,b,65,+,42525,O,O
USA,1,2017,12,b,TOT,.,57045,O,O
USA,1,2017,13,b,0,18,716,O,O
USA,1,2017,13,b,18,47,13655,O,O
USA,1,2017,13,b,65,+,41324,O,O
USA,1,2017,13,b,TOT,.,55701,O,O
USA,1,2017,14,b,0,18,717,O,O
USA,1,2017,14,b,18,47,13887,O,O
USA,1,2017,14,b,65,+,40549,O,O
USA,1,2017,14,b,TOT,.,55160,O,O
USA,1,2017,15,b,0,18,730,O,O
USA,1,2017,15,b,18,47,13664,O,O
USA,1,2017,15,b,65,+,40464,O,O
USA,1,2017,15,b,TOT,.,54861,O,O
USA,1,2017,16,b,0,18,716,O,O
USA,1,2017,16,b,18,47,13253,O,O
USA,1,2017,16,b,65,+,39098,O,O
USA,1,2017,16,b,TOT,.,53070,O,O
USA,1,2017,17,b,0,18,712,O,O
USA,1,2017,17,b,18,47,13394,O,O
USA,1,2017,17,b,65,+,39183,O,O
USA,1,2017,17,b,TOT,.,53295,O,O
USA,1,2017,18,b,0,18,724,O,O
USA,1,2017,18,b,18,47,13449,O,O
USA,1,2017,18,b,65,+,38480,O,O
USA,1,2017,18,b,TOT,.,52656,O,O
USA,1,2017,19,b,0,18,670,O,O
USA,1,2017,19,b,18,47,13322,O,O
USA,1,2017,19,b,65,+,37989,O,O
USA,1,2017,19,b,TOT,.,51985,O,O
USA,1,2017,20,b,0,18,722,O,O
USA,1,2017,20,b,18,47,13694,O,O
USA,1,2017,20,b,65,+,38060,O,O
USA,1,2017,20,b,TOT,.,52480,O,O
USA,1,2017,21,b,0,18,724,O,O
USA,1,2017,21,b,18,47,13043,O,O
USA,1,2017,21,b,65,+,37198,O,O
USA,1,2017,21,b,TOT,.,50970,O,O
USA,1,2017,22,b,0,18,737,O,O
USA,1,2017,22,b,18,47,13375,O,O
USA,1,2017,22,b,65,+,37136,O,O
USA,1,2017,22,b,TOT,.,51256,O,O
USA,1,2017,23,b,0,18,754,O,O
USA,1,2017,23,b,18,47,13397,O,O
USA,1,2017,23,b,65,+,37261,O,O
USA,1,2017,23,b,TOT,.,51418,O,O
USA,1,2017,24,b,0,18,739,O,O
USA,1,2017,24,b,18,47,13395,O,O
USA,1,2017,24,b,65,+,36656,O,O
USA,1,2017,24,b,TOT,.,50797,O,O
USA,1,2017,25,b,0,18,804,O,O
USA,1,2017,25,b,18,47,13573,O,O
USA,1,2017,25,b,65,+,36813,O,O
USA,1,2017,25,b,TOT,.,51193,O,O
USA,1,2017,26,b,0,18,684,O,O
USA,1,2017,26,b,18,47,13435,O,O
USA,1,2017,26,b,65,+,36492,O,O
USA,1,2017,26,b,TOT,.,50617,O,O
USA,1,2017,27,b,0,18,673,O,O
USA,1,2017,27,b,18,47,13801,O,O
USA,1,2017,27,b,65,+,36482,O,O
USA,1,2017,27,b,TOT,.,50958,O,O
USA,1,2017,28,b,0,18,734,O,O
USA,1,2017,28,b,18,47,13203,O,O
USA,1,2017,28,b,65,+,36034,O,O
USA,1,2017,28,b,TOT,.,49972,O,O
USA,1,2017,29,b,0,18,700,O,O
USA,1,2017,29,b,18,47,13152,O,O
USA,1,2017,29,b,65,+,36266,O,O
USA,1,2017,29,b,TOT,.,50125,O,O
USA,1,2017,30,b,0,18,711,O,O
USA,1,2017,30,b,18,47,12933,O,O
USA,1,2017,30,b,65,+,35715,O,O
USA,1,2017,30,b,TOT,.,49361,O,O
USA,1,2017,31,b,0,18,673,O,O
USA,1,2017,31,b,18,47,13210,O,O
USA,1,2017,31,b,65,+,36201,O,O
USA,1,2017,31,b,TOT,.,50087,O,O
USA,1,2017,32,b,0,18,701,O,O
USA,1,2017,32,b,18,47,13341,O,O
USA,1,2017,32,b,65,+,36187,O,O
USA,1,2017,32,b,TOT,.,50234,O,O
USA,1,2017,33,b,0,18,700,O,O
USA,1,2017,33,b,18,47,13170,O,O
USA,1,2017,33,b,65,+,36314,O,O
USA,1,2017,33,b,TOT,.,50185,O,O
USA,1,2017,34,b,0,18,714,O,O
USA,1,2017,34,b,18,47,12995,O,O
USA,1,2017,34,b,65,+,35804,O,O
USA,1,2017,34,b,TOT,.,49516,O,O
USA,1,2017,35,b,0,18,643,O,O
USA,1,2017,35,b,18,47,13239,O,O
USA,1,2017,35,b,65,+,36941,O,O
USA,1,2017,35,b,TOT,.,50831,O,O
USA,1,2017,36,b,0,18,670,O,O
USA,1,2017,36,b,18,47,13466,O,O
USA,1,2017,36,b,65,+,36836,O,O
USA,1,2017,36,b,TOT,.,50978,O,O
USA,1,2017,37,b,0,18,695,O,O
USA,1,2017,37,b,18,47,13239,O,O
USA,1,2017,37,b,65,+,37757,O,O
USA,1,2017,37,b,TOT,.,51693,O,O
USA,1,2017,38,b,0,18,699,O,O
USA,1,2017,38,b,18,47,13294,O,O
USA,1,2017,38,b,65,+,37233,O,O
USA,1,2017,38,b,TOT,.,51229,O,O
USA,1,2017,39,b,0,18,713,O,O
USA,1,2017,39,b,18,47,13235,O,O
USA,1,2017,39,b,65,+,37390,O,O
USA,1,2017,39,b,TOT,.,51341,O,O
USA,1,2017,40,b,0,18,708,O,O
USA,1,2017,40,b,18,47,13431,O,O
USA,1,2017,40,b,65,+,37963,O,O
USA,1,2017,40,b,TOT,.,52107,O,O
USA,1,2017,41,b,0,18,647,O,O
USA,1,2017,41,b,18,47,13257,O,O
USA,1,2017,41,b,65,+,37666,O,O
USA,1,2017,41,b,TOT,.,51576,O,O
USA,1,2017,42,b,0,18,654,O,O
USA,1,2017,42,b,18,47,13267,O,O
USA,1,2017,42,b,65,+,38294,O,O
USA,1,2017,42,b,TOT,.,52222,O,O
USA,1,2017,43,b,0,18,697,O,O
USA,1,2017,43,b,18,47,13025,O,O
USA,1,2017,43,b,65,+,38814,O,O
USA,1,2017,43,b,TOT,.,52542,O,O
USA,1,2017,44,b,0,18,704,O,O
USA,1,2017,44,b,18,47,13504,O,O
USA,1,2017,44,b,65,+,39455,O,O
USA,1,2017,44,b,TOT,.,53667,O,O
USA,1,2017,45,b,0,18,697,O,O
USA,1,2017,45,b,18,47,13414,O,O
USA,1,2017,45,b,65,+,39122,O,O
USA,1,2017,45,b,TOT,.,53240,O,O
USA,1,2017,46,b,0,18,692,O,O
USA,1,2017,46,b,18,47,13395,O,O
USA,1,2017,46,b,65,+,39675,O,O
USA,1,2017,46,b,TOT,.,53767,O,O
USA,1,2017,47,b,0,18,688,O,O
USA,1,2017,47,b,18,47,13460,O,O
USA,1,2017,47,b,65,+,39969,O,O
USA,1,2017,47,b,TOT,.,54120,O,O
USA,1,2017,48,b,0,18,672,O,O
USA,1,2017,48,b,18,47,13577,O,O
USA,1,2017,48,b,65,+,40507,O,O
USA,1,2017,48,b,TOT,.,54759,O,O
USA,1,2017,49,b,0,18,636,O,O
USA,1,2017,49,b,18,47,13704,O,O
USA,1,2017,49,b,65,+,41250,O,O
USA,1,2017,49,b,TOT,.,55595,O,O
USA,1,2017,50,b,0,18,715,O,O
USA,1,2017,50,b,18,47,14016,O,O
USA,1,2017,50,b,65,+,42632,O,O
USA,1,2017,50,b,TOT,.,57370,O,O
USA,1,2017,51,b,0,18,720,O,O
USA,1,2017,51,b,18,47,14391,O,O
USA,1,2017,51,b,65,+,44389,O,O
USA,1,2017,51,b,TOT,.,59505,O,O
USA,1,2017,52,b,0,18,692,O,O
USA,1,2017,52,b,18,47,14601,O,O
USA,1,2017,52,b,65,+,45791,O,O
USA,1,2017,52,b,TOT,.,61090,O,O
USA,1,2018,1,b,0,18,721,O,O
USA,1,2018,1,b,18,47,15757,O,O
USA,1,2018,1,b,65,+,49651,O,O
USA,1,2018,1,b,TOT,.,66134,O,O
USA,1,2018,2,b,0,18,689,O,O
USA,1,2018,2,b,18,47,15625,O,O
USA,1,2018,2,b,65,+,51177,O,O
USA,1,2018,2,b,TOT,.,67495,O,O
USA,1,2018,3,b,0,18,704,O,O
USA,1,2018,3,b,18,47,14674,O,O
USA,1,2018,3,b,65,+,49263,O,O
USA,1,2018,3,b,TOT,.,64647,O,O
USA,1,2018,4,b,0,18,754,O,O
USA,1,2018,4,b,18,47,14485,O,O
USA,1,2018,4,b,65,+,47538,O,O
USA,1,2018,4,b,TOT,.,62780,O,O
USA,1,2018,5,b,0,18,729,O,O
USA,1,2018,5,b,18,47,14269,O,O
USA,1,2018,5,b,65,+,45974,O,O
USA,1,2018,5,b,TOT,.,60974,O,O
USA,1,2018,6,b,0,18,698,O,O
USA,1,2018,6,b,18,47,14441,O,O
USA,1,2018,6,b,65,+,45968,O,O
USA,1,2018,6,b,TOT,.,61110,O,O
USA,1,2018,7,b,0,18,727,O,O
USA,1,2018,7,b,18,47,14053,O,O
USA,1,2018,7,b,65,+,44994,O,O
USA,1,2018,7,b,TOT,.,59779,O,O
USA,1,2018,8,b,0,18,697,O,O
USA,1,2018,8,b,18,47,13708,O,O
USA,1,2018,8,b,65,+,43385,O,O
USA,1,2018,8,b,TOT,.,57793,O,O
USA,1,2018,9,b,0,18,647,O,O
USA,1,2018,9,b,18,47,13934,O,O
USA,1,2018,9,b,65,+,42109,O,O
USA,1,2018,9,b,TOT,.,56692,O,O
USA,1,2018,10,b,0,18,708,O,O
USA,1,2018,10,b,18,47,13965,O,O
USA,1,2018,10,b,65,+,42416,O,O
USA,1,2018,10,b,TOT,.,57093,O,O
USA,1,2018,11,b,0,18,668,O,O
USA,1,2018,11,b,18,47,13726,O,O
USA,1,2018,11,b,65,+,41923,O,O
USA,1,2018,11,b,TOT,.,56326,O,O
USA,1,2018,12,b,0,18,693,O,O
USA,1,2018,12,b,18,47,13501,O,O
USA,1,2018,12,b,65,+,41564,O,O
USA,1,2018,12,b,TOT,.,55766,O,O
USA,1,2018,13,b,0,18,662,O,O
USA,1,2018,13,b,18,47,13245,O,O
USA,1,2018,13,b,65,+,41006,O,O
USA,1,2018,13,b,TOT,.,54918,O,O
USA,1,2018,14,b,0,18,649,O,O
USA,1,2018,14,b,18,47,13686,O,O
USA,1,2018,14,b,65,+,40950,O,O
USA,1,2018,14,b,TOT,.,55294,O,O
USA,1,2018,15,b,0,18,636,O,O
USA,1,2018,15,b,18,47,13529,O,O
USA,1,2018,15,b,65,+,41058,O,O
USA,1,2018,15,b,TOT,.,55228,O,O
USA,1,2018,16,b,0,18,692,O,O
USA,1,2018,16,b,18,47,13193,O,O
USA,1,2018,16,b,65,+,40146,O,O
USA,1,2018,16,b,TOT,.,54038,O,O
USA,1,2018,17,b,0,18,656,O,O
USA,1,2018,17,b,18,47,12914,O,O
USA,1,2018,17,b,65,+,40149,O,O
USA,1,2018,17,b,TOT,.,53727,O,O
USA,1,2018,18,b,0,18,660,O,O
USA,1,2018,18,b,18,47,13498,O,O
USA,1,2018,18,b,65,+,39576,O,O
USA,1,2018,18,b,TOT,.,53741,O,O
USA,1,2018,19,b,0,18,738,O,O
USA,1,2018,19,b,18,47,13392,O,O
USA,1,2018,19,b,65,+,37971,O,O
USA,1,2018,19,b,TOT,.,52105,O,O
USA,1,2018,20,b,0,18,662,O,O
USA,1,2018,20,b,18,47,12746,O,O
USA,1,2018,20,b,65,+,37209,O,O
USA,1,2018,20,b,TOT,.,50618,O,O
USA,1,2018,21,b,0,18,658,O,O
USA,1,2018,21,b,18,47,13013,O,O
USA,1,2018,21,b,65,+,37252,O,O
USA,1,2018,21,b,TOT,.,50929,O,O
USA,1,2018,22,b,0,18,722,O,O
USA,1,2018,22,b,18,47,13137,O,O
USA,1,2018,22,b,65,+,37178,O,O
USA,1,2018,22,b,TOT,.,51045,O,O
USA,1,2018,23,b,0,18,673,O,O
USA,1,2018,23,b,18,47,13673,O,O
USA,1,2018,23,b,65,+,37652,O,O
USA,1,2018,23,b,TOT,.,52001,O,O
USA,1,2018,24,b,0,18,689,O,O
USA,1,2018,24,b,18,47,13319,O,O
USA,1,2018,24,b,65,+,37375,O,O
USA,1,2018,24,b,TOT,.,51387,O,O
USA,1,2018,25,b,0,18,699,O,O
USA,1,2018,25,b,18,47,13173,O,O
USA,1,2018,25,b,65,+,37171,O,O
USA,1,2018,25,b,TOT,.,51044,O,O
USA,1,2018,26,b,0,18,648,O,O
USA,1,2018,26,b,18,47,13193,O,O
USA,1,2018,26,b,65,+,37010,O,O
USA,1,2018,26,b,TOT,.,50855,O,O
USA,1,2018,27,b,0,18,775,O,O
USA,1,2018,27,b,18,47,13575,O,O
USA,1,2018,27,b,65,+,37331,O,O
USA,1,2018,27,b,TOT,.,51684,O,O
USA,1,2018,28,b,0,18,687,O,O
USA,1,2018,28,b,18,47,13413,O,O
USA,1,2018,28,b,65,+,37088,O,O
USA,1,2018,28,b,TOT,.,51191,O,O
USA,1,2018,29,b,0,18,694,O,O
USA,1,2018,29,b,18,47,13164,O,O
USA,1,2018,29,b,65,+,36746,O,O
USA,1,2018,29,b,TOT,.,50609,O,O
USA,1,2018,30,b,0,18,702,O,O
USA,1,2018,30,b,18,47,13097,O,O
USA,1,2018,30,b,65,+,36468,O,O
USA,1,2018,30,b,TOT,.,50274,O,O
USA,1,2018,31,b,0,18,648,O,O
USA,1,2018,31,b,18,47,13341,O,O
USA,1,2018,31,b,65,+,36644,O,O
USA,1,2018,31,b,TOT,.,50637,O,O
USA,1,2018,32,b,0,18,654,O,O
USA,1,2018,32,b,18,47,13614,O,O
USA,1,2018,32,b,65,+,36695,O,O
USA,1,2018,32,b,TOT,.,50967,O,O
USA,1,2018,33,b,0,18,639,O,O
USA,1,2018,33,b,18,47,12970,O,O
USA,1,2018,33,b,65,+,36686,O,O
USA,1,2018,33,b,TOT,.,50301,O,O
USA,1,2018,34,b,0,18,688,O,O
USA,1,2018,34,b,18,47,12940,O,O
USA,1,2018,34,b,65,+,36825,O,O
USA,1,2018,34,b,TOT,.,50459,O,O
USA,1,2018,35,b,0,18,679,O,O
USA,1,2018,35,b,18,47,12912,O,O
USA,1,2018,35,b,65,+,37009,O,O
USA,1,2018,35,b,TOT,.,50611,O,O
USA,1,2018,36,b,0,18,645,O,O
USA,1,2018,36,b,18,47,13231,O,O
USA,1,2018,36,b,65,+,36416,O,O
USA,1,2018,36,b,TOT,.,50299,O,O
USA,1,2018,37,b,0,18,662,O,O
USA,1,2018,37,b,18,47,13224,O,O
USA,1,2018,37,b,65,+,37195,O,O
USA,1,2018,37,b,TOT,.,51083,O,O
USA,1,2018,38,b,0,18,718,O,O
USA,1,2018,38,b,18,47,13083,O,O
USA,1,2018,38,b,65,+,37775,O,O
USA,1,2018,38,b,TOT,.,51583,O,O
USA,1,2018,39,b,0,18,699,O,O
USA,1,2018,39,b,18,47,12584,O,O
USA,1,2018,39,b,65,+,37668,O,O
USA,1,2018,39,b,TOT,.,50959,O,O
USA,1,2018,40,b,0,18,659,O,O
USA,1,2018,40,b,18,47,13203,O,O
USA,1,2018,40,b,65,+,38486,O,O
USA,1,2018,40,b,TOT,.,52357,O,O
USA,1,2018,41,b,0,18,666,O,O
USA,1,2018,41,b,18,47,13130,O,O
USA,1,2018,41,b,65,+,38050,O,O
USA,1,2018,41,b,TOT,.,51849,O,O
USA,1,2018,42,b,0,18,677,O,O
USA,1,2018,42,b,18,47,13088,O,O
USA,1,2018,42,b,65,+,39206,O,O
USA,1,2018,42,b,TOT,.,52979,O,O
USA,1,2018,43,b,0,18,658,O,O
USA,1,2018,43,b,18,47,13263,O,O
USA,1,2018,43,b,65,+,39836,O,O
USA,1,2018,43,b,TOT,.,53763,O,O
USA,1,2018,44,b,0,18,667,O,O
USA,1,2018,44,b,18,47,13200,O,O
USA,1,2018,44,b,65,+,39765,O,O
USA,1,2018,44,b,TOT,.,53638,O,O
USA,1,2018,45,b,0,18,665,O,O
USA,1,2018,45,b,18,47,13230,O,O
USA,1,2018,45,b,65,+,39663,O,O
USA,1,2018,45,b,TOT,.,53561,O,O
USA,1,2018,46,b,0,18,674,O,O
USA,1,2018,46,b,18,47,13464,O,O
USA,1,2018,46,b,65,+,40556,O,O
USA,1,2018,46,b,TOT,.,54698,O,O
USA,1,2018,47,b,0,18,630,O,O
USA,1,2018,47,b,18,47,13368,O,O
USA,1,2018,47,b,65,+,40846,O,O
USA,1,2018,47,b,TOT,.,54847,O,O
USA,1,2018,48,b,0,18,631,O,O
USA,1,2018,48,b,18,47,13083,O,O
USA,1,2018,48,b,65,+,41341,O,O
USA,1,2018,48,b,TOT,.,55060,O,O
USA,1,2018,49,b,0,18,642,O,O
USA,1,2018,49,b,18,47,13592,O,O
USA,1,2018,49,b,65,+,41728,O,O
USA,1,2018,49,b,TOT,.,55967,O,O
USA,1,2018,50,b,0,18,646,O,O
USA,1,2018,50,b,18,47,13669,O,O
USA,1,2018,50,b,65,+,42065,O,O
USA,1,2018,50,b,TOT,.,56387,O,O
USA,1,2018,51,b,0,18,633,O,O
USA,1,2018,51,b,18,47,13551,O,O
USA,1,2018,51,b,65,+,42339,O,O
USA,1,2018,51,b,TOT,.,56528,O,O
USA,1,2018,52,b,0,18,639,O,O
USA,1,2018,52,b,18,47,13586,O,O
USA,1,2018,52,b,65,+,41799,O,O
USA,1,2018,52,b,TOT,.,56026,O,O
USA,1,2019,1,b,0,18,657,O,O
USA,1,2019,1,b,18,47,14327,O,O
USA,1,2019,1,b,65,+,43314,O,O
USA,1,2019,1,b,TOT,.,58299,O,O
USA,1,2019,2,b,0,18,641,O,O
USA,1,2019,2,b,18,47,14051,O,O
USA,1,2019,2,b,65,+,43666,O,O
USA,1,2019,2,b,TOT,.,58362,O,O
USA,1,2019,3,b,0,18,636,O,O
USA,1,2019,3,b,18,47,13692,O,O
USA,1,2019,3,b,65,+,43889,O,O
USA,1,2019,3,b,TOT,.,58220,O,O
USA,1,2019,4,b,0,18,625,O,O
USA,1,2019,4,b,18,47,13828,O,O
USA,1,2019,4,b,65,+,43451,O,O
USA,1,2019,4,b,TOT,.,57908,O,O
USA,1,2019,5,b,0,18,663,O,O
USA,1,2019,5,b,18,47,13886,O,O
USA,1,2019,5,b,65,+,43600,O,O
USA,1,2019,5,b,TOT,.,58152,O,O
USA,1,2019,6,b,0,18,671,O,O
USA,1,2019,6,b,18,47,14009,O,O
USA,1,2019,6,b,65,+,43839,O,O
USA,1,2019,6,b,TOT,.,58523,O,O
USA,1,2019,7,b,0,18,651,O,O
USA,1,2019,7,b,18,47,13852,O,O
USA,1,2019,7,b,65,+,43494,O,O
USA,1,2019,7,b,TOT,.,58000,O,O
USA,1,2019,8,b,0,18,665,O,O
USA,1,2019,8,b,18,47,13843,O,O
USA,1,2019,8,b,65,+,43496,O,O
USA,1,2019,8,b,TOT,.,58005,O,O
USA,1,2019,9,b,0,18,721,O,O
USA,1,2019,9,b,18,47,14047,O,O
USA,1,2019,9,b,65,+,43200,O,O
USA,1,2019,9,b,TOT,.,57972,O,O
USA,1,2019,10,b,0,18,663,O,O
USA,1,2019,10,b,18,47,14103,O,O
USA,1,2019,10,b,65,+,43776,O,O
USA,1,2019,10,b,TOT,.,58546,O,O
USA,1,2019,11,b,0,18,643,O,O
USA,1,2019,11,b,18,47,13879,O,O
USA,1,2019,11,b,65,+,43394,O,O
USA,1,2019,11,b,TOT,.,57917,O,O
USA,1,2019,12,b,0,18,675,O,O
USA,1,2019,12,b,18,47,13644,O,O
USA,1,2019,12,b,65,+,42773,O,O
USA,1,2019,12,b,TOT,.,57095,O,O
USA,1,2019,13,b,0,18,669,O,O
USA,1,2019,13,b,18,47,13494,O,O
USA,1,2019,13,b,65,+,42509,O,O
USA,1,2019,13,b,TOT,.,56675,O,O
USA,1,2019,14,b,0,18,618,O,O
USA,1,2019,14,b,18,47,13716,O,O
USA,1,2019,14,b,65,+,42262,O,O
USA,1,2019,14,b,TOT,.,56598,O,O
USA,1,2019,15,b,0,18,686,O,O
USA,1,2019,15,b,18,47,13446,O,O
USA,1,2019,15,b,65,+,41354,O,O
USA,1,2019,15,b,TOT,.,55492,O,O
USA,1,2019,16,b,0,18,669,O,O
USA,1,2019,16,b,18,47,13378,O,O
USA,1,2019,16,b,65,+,40416,O,O
USA,1,2019,16,b,TOT,.,54468,O,O
USA,1,2019,17,b,0,18,671,O,O
USA,1,2019,17,b,18,47,13206,O,O
USA,1,2019,17,b,65,+,39778,O,O
USA,1,2019,17,b,TOT,.,53656,O,O
USA,1,2019,18,b,0,18,675,O,O
USA,1,2019,18,b,18,47,13319,O,O
USA,1,2019,18,b,65,+,39991,O,O
USA,1,2019,18,b,TOT,.,53987,O,O
USA,1,2019,19,b,0,18,661,O,O
USA,1,2019,19,b,18,47,13325,O,O
USA,1,2019,19,b,65,+,39490,O,O
USA,1,2019,19,b,TOT,.,53478,O,O
USA,1,2019,20,b,0,18,676,O,O
USA,1,2019,20,b,18,47,13139,O,O
USA,1,2019,20,b,65,+,39756,O,O
USA,1,2019,20,b,TOT,.,53578,O,O
USA,1,2019,21,b,0,18,683,O,O
USA,1,2019,21,b,18,47,13173,O,O
USA,1,2019,21,b,65,+,39833,O,O
USA,1,2019,21,b,TOT,.,53695,O,O
USA,1,2019,22,b,0,18,706,O,O
USA,1,2019,22,b,18,47,13417,O,O
USA,1,2019,22,b,65,+,38601,O,O
USA,1,2019,22,b,TOT,.,52727,O,O
USA,1,2019,23,b,0,18,720,O,O
USA,1,2019,23,b,18,47,13520,O,O
USA,1,2019,23,b,65,+,38897,O,O
USA,1,2019,23,b,TOT,.,53141,O,O
USA,1,2019,24,b,0,18,729,O,O
USA,1,2019,24,b,18,47,13024,O,O
USA,1,2019,24,b,65,+,38890,O,O
USA,1,2019,24,b,TOT,.,52646,O,O
USA,1,2019,25,b,0,18,680,O,O
USA,1,2019,25,b,18,47,13159,O,O
USA,1,2019,25,b,65,+,38447,O,O
USA,1,2019,25,b,TOT,.,52291,O,O
USA,1,2019,26,b,0,18,700,O,O
USA,1,2019,26,b,18,47,13149,O,O
USA,1,2019,26,b,65,+,38356,O,O
USA,1,2019,26,b,TOT,.,52209,O,O
USA,1,2019,27,b,0,18,672,O,O
USA,1,2019,27,b,18,47,13624,O,O
USA,1,2019,27,b,65,+,38045,O,O
USA,1,2019,27,b,TOT,.,52344,O,O
USA,1,2019,28,b,0,18,660,O,O
USA,1,2019,28,b,18,47,13328,O,O
USA,1,2019,28,b,65,+,37939,O,O
USA,1,2019,28,b,TOT,.,51931,O,O
USA,1,2019,29,b,0,18,682,O,O
USA,1,2019,29,b,18,47,13218,O,O
USA,1,2019,29,b,65,+,37746,O,O
USA,1,2019,29,b,TOT,.,51649,O,O
USA,1,2019,30,b,0,18,685,O,O
USA,1,2019,30,b,18,47,13271,O,O
USA,1,2019,30,b,65,+,37700,O,O
USA,1,2019,30,b,TOT,.,51662,O,O
USA,1,2019,31,b,0,18,642,O,O
USA,1,2019,31,b,18,47,12982,O,O
USA,1,2019,31,b,65,+,37780,O,O
USA,1,2019,31,b,TOT,.,51410,O,O
USA,1,2019,32,b,0,18,663,O,O
USA,1,2019,32,b,18,47,13211,O,O
USA,1,2019,32,b,65,+,37868,O,O
USA,1,2019,32,b,TOT,.,51747,O,O
USA,1,2019,33,b,0,18,677,O,O
USA,1,2019,33,b,18,47,12839,O,O
USA,1,2019,33,b,65,+,37501,O,O
USA,1,2019,33,b,TOT,.,51023,O,O
USA,1,2019,34,b,0,18,643,O,O
USA,1,2019,34,b,18,47,12990,O,O
USA,1,2019,34,b,65,+,37384,O,O
USA,1,2019,34,b,TOT,.,51022,O,O
USA,1,2019,35,b,0,18,641,O,O
USA,1,2019,35,b,18,47,12996,O,O
USA,1,2019,35,b,65,+,37518,O,O
USA,1,2019,35,b,TOT,.,51162,O,O
USA,1,2019,36,b,0,18,669,O,O
USA,1,2019,36,b,18,47,13359,O,O
USA,1,2019,36,b,65,+,37798,O,O
USA,1,2019,36,b,TOT,.,51836,O,O
USA,1,2019,37,b,0,18,649,O,O
USA,1,2019,37,b,18,47,12835,O,O
USA,1,2019,37,b,65,+,38146,O,O
USA,1,2019,37,b,TOT,.,51633,O,O
USA,1,2019,38,b,0,18,693,O,O
USA,1,2019,38,b,18,47,12912,O,O
USA,1,2019,38,b,65,+,38148,O,O
USA,1,2019,38,b,TOT,.,51757,O,O
USA,1,2019,39,b,0,18,627,O,O
USA,1,2019,39,b,18,47,13155,O,O
USA,1,2019,39,b,65,+,38969,O,O
USA,1,2019,39,b,TOT,.,52757,O,O
USA,1,2019,40,b,0,18,649,O,O
USA,1,2019,40,b,18,47,13207,O,O
USA,1,2019,40,b,65,+,38707,O,O
USA,1,2019,40,b,TOT,.,52564,O,O
USA,1,2019,41,b,0,18,641,O,O
USA,1,2019,41,b,18,47,13027,O,O
USA,1,2019,41,b,65,+,39422,O,O
USA,1,2019,41,b,TOT,.,53090,O,O
USA,1,2019,42,b,0,18,648,O,O
USA,1,2019,42,b,18,47,13341,O,O
USA,1,2019,42,b,65,+,40346,O,O
USA,1,2019,42,b,TOT,.,54338,O,O
USA,1,2019,43,b,0,18,620,O,O
USA,1,2019,43,b,18,47,13099,O,O
USA,1,2019,43,b,65,+,40326,O,O
USA,1,2019,43,b,TOT,.,54049,O,O
USA,1,2019,44,b,0,18,588,O,O
USA,1,2019,44,b,18,47,13334,O,O
USA,1,2019,44,b,65,+,40162,O,O
USA,1,2019,44,b,TOT,.,54087,O,O
USA,1,2019,45,b,0,18,631,O,O
USA,1,2019,45,b,18,47,13754,O,O
USA,1,2019,45,b,65,+,41309,O,O
USA,1,2019,45,b,TOT,.,55699,O,O
USA,1,2019,46,b,0,18,665,O,O
USA,1,2019,46,b,18,47,13608,O,O
USA,1,2019,46,b,65,+,41607,O,O
USA,1,2019,46,b,TOT,.,55886,O,O
USA,1,2019,47,b,0,18,656,O,O
USA,1,2019,47,b,18,47,13496,O,O
USA,1,2019,47,b,65,+,42043,O,O
USA,1,2019,47,b,TOT,.,56199,O,O
USA,1,2019,48,b,0,18,636,O,O
USA,1,2019,48,b,18,47,13451,O,O
USA,1,2019,48,b,65,+,41371,O,O
USA,1,2019,48,b,TOT,.,55465,O,O
USA,1,2019,49,b,0,18,634,O,O
USA,1,2019,49,b,18,47,14038,O,O
USA,1,2019,49,b,65,+,42628,O,O
USA,1,2019,49,b,TOT,.,57303,O,O
USA,1,2019,50,b,0,18,654,O,O
USA,1,2019,50,b,18,47,13889,O,O
USA,1,2019,50,b,65,+,43112,O,O
USA,1,2019,50,b,TOT,.,57658,O,O
USA,1,2019,51,b,0,18,669,O,O
USA,1,2019,51,b,18,47,13728,O,O
USA,1,2019,51,b,65,+,43022,O,O
USA,1,2019,51,b,TOT,.,57424,O,O
USA,1,2019,52,b,0,18,674,O,O
USA,1,2019,52,b,18,47,14116,O,O
USA,1,2019,52,b,65,+,43663,O,O
USA,1,2019,52,b,TOT,.,58458,O,O
USA,1,2020,1,b,0,18,664,O,O
USA,1,2020,1,b,18,47,14697,O,O
USA,1,2020,1,b,65,+,44648,O,O
USA,1,2020,1,b,TOT,.,60017,O,O
USA,1,2020,2,m,0,1,216,O,O
USA,1,2020,2,m,1,4,41,O,O
USA,1,2020,2,m,5,10,64,O,O
USA,1,2020,2,m,15,10,425,O,O
USA,1,2020,2,m,25,10,808,O,O
USA,1,2020,2,m,35,10,1136,O,O
USA,1,2020,2,m,45,10,2041,O,O
USA,1,2020,2,m,55,10,4754,O,O
USA,1,2020,2,m,65,10,6836,O,O
USA,1,2020,2,m,75,10,7513,O,O
USA,1,2020,2,m,85,+,7272,O,O
USA,1,2020,2,m,TOT,.,31106,O,O
USA,1,2020,2,f,0,1,177,O,O
USA,1,2020,2,f,1,4,39,O,O
USA,1,2020,2,f,5,10,48,O,O
USA,1,2020,2,f,15,10,155,O,O
USA,1,2020,2,f,25,10,365,O,O
USA,1,2020,2,f,35,10,609,O,O
USA,1,2020,2,f,45,10,1232,O,O
USA,1,2020,2,f,55,10,3092,O,O
USA,1,2020,2,f,65,10,5247,O,O
USA,1,2020,2,f,75,10,7206,O,O
USA,1,2020,2,f,85,+,11424,O,O
USA,1,2020,2,f,TOT,.,29594,O,O
USA,1,2020,2,b,0,1,393,O,O
USA,1,2020,2,b,1,4,80,O,O
USA,1,2020,2,b,5,10,112,O,O
USA,1,2020,2,b,15,10,580,O,O
USA,1,2020,2,b,25,10,1173,O,O
USA,1,2020,2,b,35,10,1745,O,O
USA,1,2020,2,b,45,10,3273,O,O
USA,1,2020,2,b,55,10,7846,O,O
USA,1,2020,2,b,65,10,12083,O,O
USA,1,2020,2,b,75,10,14719,O,O
USA,1,2020,2,b,85,+,18696,O,O
USA,1,2020,2,b,TOT,.,60700,O,O
USA,1,2020,3,m,0,1,222,O,O
USA,1,2020,3,m,1,4,29,O,O
USA,1,2020,3,m,5,10,63,O,O
USA,1,2020,3,m,15,10,429,O,O
USA,1,2020,3,m,25,10,816,O,O
USA,1,2020,3,m,35,10,1070,O,O
USA,1,2020,3,m,45,10,1999,O,O
USA,1,2020,3,m,55,10,4599,O,O
USA,1,2020,3,m,65,10,6697,O,O
USA,1,2020,3,m,75,10,7383,O,O
USA,1,2020,3,m,85,+,7013,O,O
USA,1,2020,3,m,TOT,.,30320,O,O
USA,1,2020,3,f,0,1,211,O,O
USA,1,2020,3,f,1,4,32,O,O
USA,1,2020,3,f,5,10,32,O,O
USA,1,2020,3,f,15,10,163,O,O
USA,1,2020,3,f,25,10,358,O,O
USA,1,2020,3,f,35,10,614,O,O
USA,1,2020,3,f,45,10,1250,O,O
USA,1,2020,3,f,55,10,3106,O,O
USA,1,2020,3,f,65,10,5048,O,O
USA,1,2020,3,f,75,10,6875,O,O
USA,1,2020,3,f,85,+,11332,O,O
USA,1,2020,3,f,TOT,.,29021,O,O
USA,1,2020,3,b,0,1,433,O,O
USA,1,2020,3,b,1,4,61,O,O
USA,1,2020,3,b,5,10,95,O,O
USA,1,2020,3,b,15,10,592,O,O
USA,1,2020,3,b,25,10,1174,O,O
USA,1,2020,3,b,35,10,1684,O,O
USA,1,2020,3,b,45,10,3249,O,O
USA,1,2020,3,b,55,10,7705,O,O
USA,1,2020,3,b,65,10,11745,O,O
USA,1,2020,3,b,75,10,14258,O,O
USA,1,2020,3,b,85,+,18345,O,O
USA,1,2020,3,b,TOT,.,59341,O,O
USA,1,2020,4,m,0,1,222,O,O
USA,1,2020,4,m,1,4,44,O,O
USA,1,2020,4,m,5,10,63,O,O
USA,1,2020,4,m,15,10,412,O,O
USA,1,2020,4,m,25,10,810,O,O
USA,1,2020,4,m,35,10,1075,O,O
USA,1,2020,4,m,45,10,1944,O,O
USA,1,2020,4,m,55,10,4698,O,O
USA,1,2020,4,m,65,10,6810,O,O
USA,1,2020,4,m,75,10,7495,O,O
USA,1,2020,4,m,85,+,7012,O,O
USA,1,2020,4,m,TOT,.,30585,O,O
USA,1,2020,4,f,0,1,176,O,O
USA,1,2020,4,f,1,4,37,O,O
USA,1,2020,4,f,5,10,45,O,O
USA,1,2020,4,f,15,10,157,O,O
USA,1,2020,4,f,25,10,380,O,O
USA,1,2020,4,f,35,10,587,O,O
USA,1,2020,4,f,45,10,1242,O,O
USA,1,2020,4,f,55,10,2988,O,O
USA,1,2020,4,f,65,10,4979,O,O
USA,1,2020,4,f,75,10,6905,O,O
USA,1,2020,4,f,85,+,11053,O,O
USA,1,2020,4,f,TOT,.,28549,O,O
USA,1,2020,4,b,0,1,398,O,O
USA,1,2020,4,b,1,4,81,O,O
USA,1,2020,4,b,5,10,108,O,O
USA,1,2020,4,b,15,10,569,O,O
USA,1,2020,4,b,25,10,1190,O,O
USA,1,2020,4,b,35,10,1662,O,O
USA,1,2020,4,b,45,10,3186,O,O
USA,1,2020,4,b,55,10,7686,O,O
USA,1,2020,4,b,65,10,11789,O,O
USA,1,2020,4,b,75,10,14400,O,O
USA,1,2020,4,b,85,+,18065,O,O
USA,1,2020,4,b,TOT,.,59134,O,O
USA,1,2020,5,m,0,1,197,O,O
USA,1,2020,5,m,1,4,37,O,O
USA,1,2020,5,m,5,10,63,O,O
USA,1,2020,5,m,15,10,428,O,O
USA,1,2020,5,m,25,10,800,O,O
USA,1,2020,5,m,35,10,1069,O,O
USA,1,2020,5,m,45,10,2040,O,O
USA,1,2020,5,m,55,10,4494,O,O
USA,1,2020,5,m,65,10,6716,O,O
USA,1,2020,5,m,75,10,7356,O,O
USA,1,2020,5,m,85,+,6982,O,O
USA,1,2020,5,m,TOT,.,30182,O,O
USA,1,2020,5,f,0,1,193,O,O
USA,1,2020,5,f,1,4,28,O,O
USA,1,2020,5,f,5,10,48,O,O
USA,1,2020,5,f,15,10,147,O,O
USA,1,2020,5,f,25,10,335,O,O
USA,1,2020,5,f,35,10,597,O,O
USA,1,2020,5,f,45,10,1297,O,O
USA,1,2020,5,f,55,10,2989,O,O
USA,1,2020,5,f,65,10,4952,O,O
USA,1,2020,5,f,75,10,6789,O,O
USA,1,2020,5,f,85,+,11242,O,O
USA,1,2020,5,f,TOT,.,28617,O,O
USA,1,2020,5,b,0,1,390,O,O
USA,1,2020,5,b,1,4,65,O,O
USA,1,2020,5,b,5,10,111,O,O
USA,1,2020,5,b,15,10,575,O,O
USA,1,2020,5,b,25,10,1135,O,O
USA,1,2020,5,b,35,10,1666,O,O
USA,1,2020,5,b,45,10,3337,O,O
USA,1,2020,5,b,55,10,7483,O,O
USA,1,2020,5,b,65,10,11668,O,O
USA,1,2020,5,b,75,10,14145,O,O
USA,1,2020,5,b,85,+,18224,O,O
USA,1,2020,5,b,TOT,.,58799,O,O
USA,1,2020,6,m,0,1,239,O,O
USA,1,2020,6,m,1,4,49,O,O
USA,1,2020,6,m,5,10,56,O,O
USA,1,2020,6,m,15,10,444,O,O
USA,1,2020,6,m,25,10,809,O,O
USA,1,2020,6,m,35,10,1086,O,O
USA,1,2020,6,m,45,10,1974,O,O
USA,1,2020,6,m,55,10,4736,O,O
USA,1,2020,6,m,65,10,6683,O,O
USA,1,2020,6,m,75,10,7319,O,O
USA,1,2020,6,m,85,+,7178,O,O
USA,1,2020,6,m,TOT,.,30573,O,O
USA,1,2020,6,f,0,1,196,O,O
USA,1,2020,6,f,1,4,36,O,O
USA,1,2020,6,f,5,10,43,O,O
USA,1,2020,6,f,15,10,163,O,O
USA,1,2020,6,f,25,10,369,O,O
USA,1,2020,6,f,35,10,591,O,O
USA,1,2020,6,f,45,10,1271,O,O
USA,1,2020,6,f,55,10,3085,O,O
USA,1,2020,6,f,65,10,4931,O,O
USA,1,2020,6,f,75,10,7096,O,O
USA,1,2020,6,f,85,+,11010,O,O
USA,1,2020,6,f,TOT,.,28791,O,O
USA,1,2020,6,b,0,1,435,O,O
USA,1,2020,6,b,1,4,85,O,O
USA,1,2020,6,b,5,10,99,O,O
USA,1,2020,6,b,15,10,607,O,O
USA,1,2020,6,b,25,10,1178,O,O
USA,1,2020,6,b,35,10,1677,O,O
USA,1,2020,6,b,45,10,3245,O,O
USA,1,2020,6,b,55,10,7821,O,O
USA,1,2020,6,b,65,10,11614,O,O
USA,1,2020,6,b,75,10,14415,O,O
USA,1,2020,6,b,85,+,18188,O,O
USA,1,2020,6,b,TOT,.,59364,O,O
USA,1,2020,7,m,0,1,191,O,O
USA,1,2020,7,m,1,4,37,O,O
USA,1,2020,7,m,5,10,72,O,O
USA,1,2020,7,m,15,10,411,O,O
USA,1,2020,7,m,25,10,821,O,O
USA,1,2020,7,m,35,10,1088,O,O
USA,1,2020,7,m,45,10,1871,O,O
USA,1,2020,7,m,55,10,4715,O,O
USA,1,2020,7,m,65,10,6624,O,O
USA,1,2020,7,m,75,10,7444,O,O
USA,1,2020,7,m,85,+,6933,O,O
USA,1,2020,7,m,TOT,.,30207,O,O
USA,1,2020,7,f,0,1,185,O,O
USA,1,2020,7,f,1,4,40,O,O
USA,1,2020,7,f,5,10,56,O,O
USA,1,2020,7,f,15,10,161,O,O
USA,1,2020,7,f,25,10,371,O,O
USA,1,2020,7,f,35,10,573,O,O
USA,1,2020,7,f,45,10,1193,O,O
USA,1,2020,7,f,55,10,3049,O,O
USA,1,2020,7,f,65,10,5002,O,O
USA,1,2020,7,f,75,10,6909,O,O
USA,1,2020,7,f,85,+,11027,O,O
USA,1,2020,7,f,TOT,.,28566,O,O
USA,1,2020,7,b,0,1,376,O,O
USA,1,2020,7,b,1,4,77,O,O
USA,1,2020,7,b,5,10,128,O,O
USA,1,2020,7,b,15,10,572,O,O
USA,1,2020,7,b,25,10,1192,O,O
USA,1,2020,7,b,35,10,1661,O,O
USA,1,2020,7,b,45,10,3064,O,O
USA,1,2020,7,b,55,10,7764,O,O
USA,1,2020,7,b,65,10,11626,O,O
USA,1,2020,7,b,75,10,14353,O,O
USA,1,2020,7,b,85,+,17960,O,O
USA,1,2020,7,b,TOT,.,58773,O,O
USA,1,2020,8,m,0,1,209,O,O
USA,1,2020,8,m,1,4,43,O,O
USA,1,2020,8,m,5,10,63,O,O
USA,1,2020,8,m,15,10,389,O,O
USA,1,2020,8,m,25,10,843,O,O
USA,1,2020,8,m,35,10,1071,O,O
USA,1,2020,8,m,45,10,1989,O,O
USA,1,2020,8,m,55,10,4618,O,O
USA,1,2020,8,m,65,10,6635,O,O
USA,1,2020,8,m,75,10,7287,O,O
USA,1,2020,8,m,85,+,7121,O,O
USA,1,2020,8,m,TOT,.,30268,O,O
USA,1,2020,8,f,0,1,157,O,O
USA,1,2020,8,f,1,4,24,O,O
USA,1,2020,8,f,5,10,38,O,O
USA,1,2020,8,f,15,10,162,O,O
USA,1,2020,8,f,25,10,370,O,O
USA,1,2020,8,f,35,10,626,O,O
USA,1,2020,8,f,45,10,1290,O,O
USA,1,2020,8,f,55,10,2960,O,O
USA,1,2020,8,f,65,10,4942,O,O
USA,1,2020,8,f,75,10,7046,O,O
USA,1,2020,8,f,85,+,10970,O,O
USA,1,2020,8,f,TOT,.,28585,O,O
USA,1,2020,8,b,0,1,366,O,O
USA,1,2020,8,b,1,4,67,O,O
USA,1,2020,8,b,5,10,101,O,O
USA,1,2020,8,b,15,10,551,O,O
USA,1,2020,8,b,25,10,1213,O,O
USA,1,2020,8,b,35,10,1697,O,O
USA,1,2020,8,b,45,10,3279,O,O
USA,1,2020,8,b,55,10,7578,O,O
USA,1,2020,8,b,65,10,11577,O,O
USA,1,2020,8,b,75,10,14333,O,O
USA,1,2020,8,b,85,+,18091,O,O
USA,1,2020,8,b,TOT,.,58853,O,O
USA,1,2020,9,m,0,1,236,O,O
USA,1,2020,9,m,1,4,39,O,O
USA,1,2020,9,m,5,10,65,O,O
USA,1,2020,9,m,15,10,413,O,O
USA,1,2020,9,m,25,10,893,O,O
USA,1,2020,9,m,35,10,1061,O,O
USA,1,2020,9,m,45,10,2044,O,O
USA,1,2020,9,m,55,10,4708,O,O
USA,1,2020,9,m,65,10,6716,O,O
USA,1,2020,9,m,75,10,7452,O,O
USA,1,2020,9,m,85,+,6960,O,O
USA,1,2020,9,m,TOT,.,30587,O,O
USA,1,2020,9,f,0,1,180,O,O
USA,1,2020,9,f,1,4,41,O,O
USA,1,2020,9,f,5,10,52,O,O
USA,1,2020,9,f,15,10,159,O,O
USA,1,2020,9,f,25,10,373,O,O
USA,1,2020,9,f,35,10,593,O,O
USA,1,2020,9,f,45,10,1252,O,O
USA,1,2020,9,f,55,10,2990,O,O
USA,1,2020,9,f,65,10,4991,O,O
USA,1,2020,9,f,75,10,6979,O,O
USA,1,2020,9,f,85,+,11067,O,O
USA,1,2020,9,f,TOT,.,28677,O,O
USA,1,2020,9,b,0,1,416,O,O
USA,1,2020,9,b,1,4,80,O,O
USA,1,2020,9,b,5,10,117,O,O
USA,1,2020,9,b,15,10,572,O,O
USA,1,2020,9,b,25,10,1266,O,O
USA,1,2020,9,b,35,10,1654,O,O
USA,1,2020,9,b,45,10,3296,O,O
USA,1,2020,9,b,55,10,7698,O,O
USA,1,2020,9,b,65,10,11707,O,O
USA,1,2020,9,b,75,10,14431,O,O
USA,1,2020,9,b,85,+,18027,O,O
USA,1,2020,9,b,TOT,.,59264,O,O
USA,1,2020,10,m,0,1,201,O,O
USA,1,2020,10,m,1,4,46,O,O
USA,1,2020,10,m,5,10,58,O,O
USA,1,2020,10,m,15,10,445,O,O
USA,1,2020,10,m,25,10,822,O,O
USA,1,2020,10,m,35,10,1158,O,O
USA,1,2020,10,m,45,10,1984,O,O
USA,1,2020,10,m,55,10,4830,O,O
USA,1,2020,10,m,65,10,6843,O,O
USA,1,2020,10,m,75,10,7546,O,O
USA,1,2020,10,m,85,+,7137,O,O
USA,1,2020,10,m,TOT,.,31070,O,O
USA,1,2020,10,f,0,1,167,O,O
USA,1,2020,10,f,1,4,24,O,O
USA,1,2020,10,f,5,10,39,O,O
USA,1,2020,10,f,15,10,134,O,O
USA,1,2020,10,f,25,10,402,O,O
USA,1,2020,10,f,35,10,643,O,O
USA,1,2020,10,f,45,10,1265,O,O
USA,1,2020,10,f,55,10,2985,O,O
USA,1,2020,10,f,65,10,4950,O,O
USA,1,2020,10,f,75,10,7004,O,O
USA,1,2020,10,f,85,+,10969,O,O
USA,1,2020,10,f,TOT,.,28582,O,O
USA,1,2020,10,b,0,1,368,O,O
USA,1,2020,10,b,1,4,70,O,O
USA,1,2020,10,b,5,10,97,O,O
USA,1,2020,10,b,15,10,579,O,O
USA,1,2020,10,b,25,10,1224,O,O
USA,1,2020,10,b,35,10,1801,O,O
USA,1,2020,10,b,45,10,3249,O,O
USA,1,2020,10,b,55,10,7815,O,O
USA,1,2020,10,b,65,10,11793,O,O
USA,1,2020,10,b,75,10,14550,O,O
USA,1,2020,10,b,85,+,18106,O,O
USA,1,2020,10,b,TOT,.,59652,O,O
USA,1,2020,11,m,0,1,212,O,O
USA,1,2020,11,m,1,4,45,O,O
USA,1,2020,11,m,5,10,68,O,O
USA,1,2020,11,m,15,10,455,O,O
USA,1,2020,11,m,25,10,836,O,O
USA,1,2020,11,m,35,10,1117,O,O
USA,1,2020,11,m,45,10,1984,O,O
USA,1,2020,11,m,55,10,4545,O,O
USA,1,2020,11,m,65,10,6772,O,O
USA,1,2020,11,m,75,10,7352,O,O
USA,1,2020,11,m,85,+,7005,O,O
USA,1,2020,11,m,TOT,.,30391,O,O
USA,1,2020,11,f,0,1,147,O,O
USA,1,2020,11,f,1,4,23,O,O
USA,1,2020,11,f,5,10,45,O,O
USA,1,2020,11,f,15,10,154,O,O
USA,1,2020,11,f,25,10,352,O,O
USA,1,2020,11,f,35,10,615,O,O
USA,1,2020,11,f,45,10,1205,O,O
USA,1,2020,11,f,55,10,3052,O,O
USA,1,2020,11,f,65,10,4956,O,O
USA,1,2020,11,f,75,10,6819,O,O
USA,1,2020,11,f,85,+,10863,O,O
USA,1,2020,11,f,TOT,.,28231,O,O
USA,1,2020,11,b,0,1,359,O,O
USA,1,2020,11,b,1,4,68,O,O
USA,1,2020,11,b,5,10,113,O,O
USA,1,2020,11,b,15,10,609,O,O
USA,1,2020,11,b,25,10,1188,O,O
USA,1,2020,11,b,35,10,1732,O,O
USA,1,2020,11,b,45,10,3189,O,O
USA,1,2020,11,b,55,10,7597,O,O
USA,1,2020,11,b,65,10,11728,O,O
USA,1,2020,11,b,75,10,14171,O,O
USA,1,2020,11,b,85,+,17868,O,O
USA,1,2020,11,b,TOT,.,58622,O,O
USA,1,2020,12,m,0,1,234,O,O
USA,1,2020,12,m,1,4,46,O,O
USA,1,2020,12,m,5,10,53,O,O
USA,1,2020,12,m,15,10,426,O,O
USA,1,2020,12,m,25,10,848,O,O
USA,1,2020,12,m,35,10,1147,O,O
USA,1,2020,12,m,45,10,1969,O,O
USA,1,2020,12,m,55,10,4665,O,O
USA,1,2020,12,m,65,10,6748,O,O
USA,1,2020,12,m,75,10,7557,O,O
USA,1,2020,12,m,85,+,6880,O,O
USA,1,2020,12,m,TOT,.,30573,O,O
USA,1,2020,12,f,0,1,158,O,O
USA,1,2020,12,f,1,4,36,O,O
USA,1,2020,12,f,5,10,45,O,O
USA,1,2020,12,f,15,10,165,O,O
USA,1,2020,12,f,25,10,385,O,O
USA,1,2020,12,f,35,10,638,O,O
USA,1,2020,12,f,45,10,1231,O,O
USA,1,2020,12,f,55,10,3023,O,O
USA,1,2020,12,f,65,10,5046,O,O
USA,1,2020,12,f,75,10,7065,O,O
USA,1,2020,12,f,85,+,10792,O,O
USA,1,2020,12,f,TOT,.,28584,O,O
USA,1,2020,12,b,0,1,392,O,O
USA,1,2020,12,b,1,4,82,O,O
USA,1,2020,12,b,5,10,98,O,O
USA,1,2020,12,b,15,10,591,O,O
USA,1,2020,12,b,25,10,1233,O,O
USA,1,2020,12,b,35,10,1785,O,O
USA,1,2020,12,b,45,10,3200,O,O
USA,1,2020,12,b,55,10,7688,O,O
USA,1,2020,12,b,65,10,11794,O,O
USA,1,2020,12,b,75,10,14622,O,O
USA,1,2020,12,b,85,+,17672,O,O
USA,1,2020,12,b,TOT,.,59157,O,O
USA,1,2020,13,m,0,1,188,O,O
USA,1,2020,13,m,1,4,46,O,O
USA,1,2020,13,m,5,10,44,O,O
USA,1,2020,13,m,15,10,463,O,O
USA,1,2020,13,m,25,10,872,O,O
USA,1,2020,13,m,35,10,1227,O,O
USA,1,2020,13,m,45,10,2167,O,O
USA,1,2020,13,m,55,10,4949,O,O
USA,1,2020,13,m,65,10,7166,O,O
USA,1,2020,13,m,75,10,8175,O,O
USA,1,2020,13,m,85,+,7464,O,O
USA,1,2020,13,m,TOT,.,32761,O,O
USA,1,2020,13,f,0,1,182,O,O
USA,1,2020,13,f,1,4,31,O,O
USA,1,2020,13,f,5,10,32,O,O
USA,1,2020,13,f,15,10,141,O,O
USA,1,2020,13,f,25,10,420,O,O
USA,1,2020,13,f,35,10,647,O,O
USA,1,2020,13,f,45,10,1275,O,O
USA,1,2020,13,f,55,10,3165,O,O
USA,1,2020,13,f,65,10,5063,O,O
USA,1,2020,13,f,75,10,7375,O,O
USA,1,2020,13,f,85,+,11856,O,O
USA,1,2020,13,f,TOT,.,30187,O,O
USA,1,2020,13,b,0,1,370,O,O
USA,1,2020,13,b,1,4,77,O,O
USA,1,2020,13,b,5,10,76,O,O
USA,1,2020,13,b,15,10,604,O,O
USA,1,2020,13,b,25,10,1292,O,O
USA,1,2020,13,b,35,10,1874,O,O
USA,1,2020,13,b,45,10,3442,O,O
USA,1,2020,13,b,55,10,8114,O,O
USA,1,2020,13,b,65,10,12229,O,O
USA,1,2020,13,b,75,10,15550,O,O
USA,1,2020,13,b,85,+,19320,O,O
USA,1,2020,13,b,TOT,.,62948,O,O
USA,1,2020,14,m,0,1,191,O,O
USA,1,2020,14,m,1,4,28,O,O
USA,1,2020,14,m,5,10,57,O,O
USA,1,2020,14,m,15,10,443,O,O
USA,1,2020,14,m,25,10,960,O,O
USA,1,2020,14,m,35,10,1322,O,O
USA,1,2020,14,m,45,10,2630,O,O
USA,1,2020,14,m,55,10,5975,O,O
USA,1,2020,14,m,65,10,8502,O,O
USA,1,2020,14,m,75,10,9403,O,O
USA,1,2020,14,m,85,+,8724,O,O
USA,1,2020,14,m,TOT,.,38235,O,O
USA,1,2020,14,f,0,1,149,O,O
USA,1,2020,14,f,1,4,30,O,O
USA,1,2020,14,f,5,10,40,O,O
USA,1,2020,14,f,15,10,176,O,O
USA,1,2020,14,f,25,10,452,O,O
USA,1,2020,14,f,35,10,707,O,O
USA,1,2020,14,f,45,10,1422,O,O
USA,1,2020,14,f,55,10,3564,O,O
USA,1,2020,14,f,65,10,5896,O,O
USA,1,2020,14,f,75,10,8355,O,O
USA,1,2020,14,f,85,+,13211,O,O
USA,1,2020,14,f,TOT,.,34002,O,O
USA,1,2020,14,b,0,1,340,O,O
USA,1,2020,14,b,1,4,58,O,O
USA,1,2020,14,b,5,10,97,O,O
USA,1,2020,14,b,15,10,619,O,O
USA,1,2020,14,b,25,10,1412,O,O
USA,1,2020,14,b,35,10,2029,O,O
USA,1,2020,14,b,45,10,4052,O,O
USA,1,2020,14,b,55,10,9539,O,O
USA,1,2020,14,b,65,10,14398,O,O
USA,1,2020,14,b,75,10,17758,O,O
USA,1,2020,14,b,85,+,21935,O,O
USA,1,2020,14,b,TOT,.,72237,O,O
USA,1,2020,15,m,0,1,224,O,O
USA,1,2020,15,m,1,4,25,O,O
USA,1,2020,15,m,5,10,62,O,O
USA,1,2020,15,m,15,10,511,O,O
USA,1,2020,15,m,25,10,1033,O,O
USA,1,2020,15,m,35,10,1516,O,O
USA,1,2020,15,m,45,10,2733,O,O
USA,1,2020,15,m,55,10,6312,O,O
USA,1,2020,15,m,65,10,9324,O,O
USA,1,2020,15,m,75,10,10247,O,O
USA,1,2020,15,m,85,+,9628,O,O
USA,1,2020,15,m,TOT,.,41615,O,O
USA,1,2020,15,f,0,1,164,O,O
USA,1,2020,15,f,1,4,29,O,O
USA,1,2020,15,f,5,10,38,O,O
USA,1,2020,15,f,15,10,180,O,O
USA,1,2020,15,f,25,10,385,O,O
USA,1,2020,15,f,35,10,732,O,O
USA,1,2020,15,f,45,10,1539,O,O
USA,1,2020,15,f,55,10,3805,O,O
USA,1,2020,15,f,65,10,6497,O,O
USA,1,2020,15,f,75,10,9210,O,O
USA,1,2020,15,f,85,+,14803,O,O
USA,1,2020,15,f,TOT,.,37382,O,O
USA,1,2020,15,b,0,1,388,O,O
USA,1,2020,15,b,1,4,54,O,O
USA,1,2020,15,b,5,10,100,O,O
USA,1,2020,15,b,15,10,691,O,O
USA,1,2020,15,b,25,10,1418,O,O
USA,1,2020,15,b,35,10,2248,O,O
USA,1,2020,15,b,45,10,4272,O,O
USA,1,2020,15,b,55,10,10117,O,O
USA,1,2020,15,b,65,10,15821,O,O
USA,1,2020,15,b,75,10,19457,O,O
USA,1,2020,15,b,85,+,24431,O,O
USA,1,2020,15,b,TOT,.,78997,O,O
USA,1,2020,16,m,0,1,191,O,O
USA,1,2020,16,m,1,4,37,O,O
USA,1,2020,16,m,5,10,53,O,O
USA,1,2020,16,m,15,10,438,O,O
USA,1,2020,16,m,25,10,1014,O,O
USA,1,2020,16,m,35,10,1341,O,O
USA,1,2020,16,m,45,10,2591,O,O
USA,1,2020,16,m,55,10,5937,O,O
USA,1,2020,16,m,65,10,8988,O,O
USA,1,2020,16,m,75,10,9931,O,O
USA,1,2020,16,m,85,+,9461,O,O
USA,1,2020,16,m,TOT,.,39982,O,O
USA,1,2020,16,f,0,1,156,O,O
USA,1,2020,16,f,1,4,17,O,O
USA,1,2020,16,f,5,10,34,O,O
USA,1,2020,16,f,15,10,171,O,O
USA,1,2020,16,f,25,10,409,O,O
USA,1,2020,16,f,35,10,684,O,O
USA,1,2020,16,f,45,10,1488,O,O
USA,1,2020,16,f,55,10,3582,O,O
USA,1,2020,16,f,65,10,6028,O,O
USA,1,2020,16,f,75,10,8954,O,O
USA,1,2020,16,f,85,+,15178,O,O
USA,1,2020,16,f,TOT,.,36701,O,O
USA,1,2020,16,b,0,1,347,O,O
USA,1,2020,16,b,1,4,54,O,O
USA,1,2020,16,b,5,10,87,O,O
USA,1,2020,16,b,15,10,609,O,O
USA,1,2020,16,b,25,10,1423,O,O
USA,1,2020,16,b,35,10,2025,O,O
USA,1,2020,16,b,45,10,4079,O,O
USA,1,2020,16,b,55,10,9519,O,O
USA,1,2020,16,b,65,10,15016,O,O
USA,1,2020,16,b,75,10,18885,O,O
USA,1,2020,16,b,85,+,24639,O,O
USA,1,2020,16,b,TOT,.,76683,O,O
USA,1,2020,17,m,0,1,220,O,O
USA,1,2020,17,m,1,4,40,O,O
USA,1,2020,17,m,5,10,66,O,O
USA,1,2020,17,m,15,10,516,O,O
USA,1,2020,17,m,25,10,1008,O,O
USA,1,2020,17,m,35,10,1408,O,O
USA,1,2020,17,m,45,10,2452,O,O
USA,1,2020,17,m,55,10,5818,O,O
USA,1,2020,17,m,65,10,8383,O,O
USA,1,2020,17,m,75,10,9458,O,O
USA,1,2020,17,m,85,+,8834,O,O
USA,1,2020,17,m,TOT,.,38203,O,O
USA,1,2020,17,f,0,1,149,O,O
USA,1,2020,17,f,1,4,24,O,O
USA,1,2020,17,f,5,10,41,O,O
USA,1,2020,17,f,15,10,182,O,O
USA,1,2020,17,f,25,10,431,O,O
USA,1,2020,17,f,35,10,656,O,O
USA,1,2020,17,f,45,10,1454,O,O
USA,1,2020,17,f,55,10,3523,O,O
USA,1,2020,17,f,65,10,5740,O,O
USA,1,2020,17,f,75,10,8673,O,O
USA,1,2020,17,f,85,+,14739,O,O
USA,1,2020,17,f,TOT,.,35612,O,O
USA,1,2020,17,b,0,1,369,O,O
USA,1,2020,17,b,1,4,64,O,O
USA,1,2020,17,b,5,10,107,O,O
USA,1,2020,17,b,15,10,698,O,O
USA,1,2020,17,b,25,10,1439,O,O
USA,1,2020,17,b,35,10,2064,O,O
USA,1,2020,17,b,45,10,3906,O,O
USA,1,2020,17,b,55,10,9341,O,O
USA,1,2020,17,b,65,10,14123,O,O
USA,1,2020,17,b,75,10,18131,O,O
USA,1,2020,17,b,85,+,23573,O,O
USA,1,2020,17,b,TOT,.,73815,O,O
USA,1,2020,18,m,0,1,182,O,O
USA,1,2020,18,m,1,4,36,O,O
USA,1,2020,18,m,5,10,62,O,O
USA,1,2020,18,m,15,10,494,O,O
USA,1,2020,18,m,25,10,1026,O,O
USA,1,2020,18,m,35,10,1389,O,O
USA,1,2020,18,m,45,10,2405,O,O
USA,1,2020,18,m,55,10,5524,O,O
USA,1,2020,18,m,65,10,7989,O,O
USA,1,2020,18,m,75,10,8667,O,O
USA,1,2020,18,m,85,+,8120,O,O
USA,1,2020,18,m,TOT,.,35894,O,O
USA,1,2020,18,f,0,1,156,O,O
USA,1,2020,18,f,1,4,31,O,O
USA,1,2020,18,f,5,10,34,O,O
USA,1,2020,18,f,15,10,165,O,O
USA,1,2020,18,f,25,10,440,O,O
USA,1,2020,18,f,35,10,731,O,O
USA,1,2020,18,f,45,10,1326,O,O
USA,1,2020,18,f,55,10,3192,O,O
USA,1,2020,18,f,65,10,5668,O,O
USA,1,2020,18,f,75,10,7956,O,O
USA,1,2020,18,f,85,+,13634,O,O
USA,1,2020,18,f,TOT,.,33333,O,O
USA,1,2020,18,b,0,1,338,O,O
USA,1,2020,18,b,1,4,67,O,O
USA,1,2020,18,b,5,10,96,O,O
USA,1,2020,18,b,15,10,659,O,O
USA,1,2020,18,b,25,10,1466,O,O
USA,1,2020,18,b,35,10,2120,O,O
USA,1,2020,18,b,45,10,3731,O,O
USA,1,2020,18,b,55,10,8716,O,O
USA,1,2020,18,b,65,10,13657,O,O
USA,1,2020,18,b,75,10,16623,O,O
USA,1,2020,18,b,85,+,21754,O,O
USA,1,2020,18,b,TOT,.,69227,O,O
USA,1,2020,19,m,0,1,214,O,O
USA,1,2020,19,m,1,4,50,O,O
USA,1,2020,19,m,5,10,67,O,O
USA,1,2020,19,m,15,10,536,O,O
USA,1,2020,19,m,25,10,991,O,O
USA,1,2020,19,m,35,10,1425,O,O
USA,1,2020,19,m,45,10,2463,O,O
USA,1,2020,19,m,55,10,5513,O,O
USA,1,2020,19,m,65,10,7709,O,O
USA,1,2020,19,m,75,10,8345,O,O
USA,1,2020,19,m,85,+,7622,O,O
USA,1,2020,19,m,TOT,.,34935,O,O
USA,1,2020,19,f,0,1,151,O,O
USA,1,2020,19,f,1,4,28,O,O
USA,1,2020,19,f,5,10,35,O,O
USA,1,2020,19,f,15,10,173,O,O
USA,1,2020,19,f,25,10,455,O,O
USA,1,2020,19,f,35,10,674,O,O
USA,1,2020,19,f,45,10,1397,O,O
USA,1,2020,19,f,55,10,3246,O,O
USA,1,2020,19,f,65,10,5353,O,O
USA,1,2020,19,f,75,10,7680,O,O
USA,1,2020,19,f,85,+,12619,O,O
USA,1,2020,19,f,TOT,.,31811,O,O
USA,1,2020,19,b,0,1,365,O,O
USA,1,2020,19,b,1,4,78,O,O
USA,1,2020,19,b,5,10,102,O,O
USA,1,2020,19,b,15,10,709,O,O
USA,1,2020,19,b,25,10,1446,O,O
USA,1,2020,19,b,35,10,2099,O,O
USA,1,2020,19,b,45,10,3860,O,O
USA,1,2020,19,b,55,10,8759,O,O
USA,1,2020,19,b,65,10,13062,O,O
USA,1,2020,19,b,75,10,16025,O,O
USA,1,2020,19,b,85,+,20241,O,O
USA,1,2020,19,b,TOT,.,66746,O,O
USA,1,2020,20,m,0,1,222,O,O
USA,1,2020,20,m,1,4,48,O,O
USA,1,2020,20,m,5,10,58,O,O
USA,1,2020,20,m,15,10,488,O,O
USA,1,2020,20,m,25,10,1054,O,O
USA,1,2020,20,m,35,10,1391,O,O
USA,1,2020,20,m,45,10,2393,O,O
USA,1,2020,20,m,55,10,5095,O,O
USA,1,2020,20,m,65,10,7222,O,O
USA,1,2020,20,m,75,10,7894,O,O
USA,1,2020,20,m,85,+,7391,O,O
USA,1,2020,20,m,TOT,.,33256,O,O
USA,1,2020,20,f,0,1,173,O,O
USA,1,2020,20,f,1,4,25,O,O
USA,1,2020,20,f,5,10,35,O,O
USA,1,2020,20,f,15,10,183,O,O
USA,1,2020,20,f,25,10,390,O,O
USA,1,2020,20,f,35,10,693,O,O
USA,1,2020,20,f,45,10,1356,O,O
USA,1,2020,20,f,55,10,3178,O,O
USA,1,2020,20,f,65,10,5321,O,O
USA,1,2020,20,f,75,10,7392,O,O
USA,1,2020,20,f,85,+,12405,O,O
USA,1,2020,20,f,TOT,.,31151,O,O
USA,1,2020,20,b,0,1,395,O,O
USA,1,2020,20,b,1,4,73,O,O
USA,1,2020,20,b,5,10,93,O,O
USA,1,2020,20,b,15,10,671,O,O
USA,1,2020,20,b,25,10,1444,O,O
USA,1,2020,20,b,35,10,2084,O,O
USA,1,2020,20,b,45,10,3749,O,O
USA,1,2020,20,b,55,10,8273,O,O
USA,1,2020,20,b,65,10,12543,O,O
USA,1,2020,20,b,75,10,15286,O,O
USA,1,2020,20,b,85,+,19796,O,O
USA,1,2020,20,b,TOT,.,64407,O,O
USA,1,2020,21,m,0,1,222,O,O
USA,1,2020,21,m,1,4,40,O,O
USA,1,2020,21,m,5,10,67,O,O
USA,1,2020,21,m,15,10,499,O,O
USA,1,2020,21,m,25,10,1073,O,O
USA,1,2020,21,m,35,10,1380,O,O
USA,1,2020,21,m,45,10,2302,O,O
USA,1,2020,21,m,55,10,5095,O,O
USA,1,2020,21,m,65,10,6903,O,O
USA,1,2020,21,m,75,10,7396,O,O
USA,1,2020,21,m,85,+,6953,O,O
USA,1,2020,21,m,TOT,.,31930,O,O
USA,1,2020,21,f,0,1,167,O,O
USA,1,2020,21,f,1,4,32,O,O
USA,1,2020,21,f,5,10,39,O,O
USA,1,2020,21,f,15,10,178,O,O
USA,1,2020,21,f,25,10,435,O,O
USA,1,2020,21,f,35,10,691,O,O
USA,1,2020,21,f,45,10,1328,O,O
USA,1,2020,21,f,55,10,3112,O,O
USA,1,2020,21,f,65,10,5084,O,O
USA,1,2020,21,f,75,10,7044,O,O
USA,1,2020,21,f,85,+,11499,O,O
USA,1,2020,21,f,TOT,.,29609,O,O
USA,1,2020,21,b,0,1,389,O,O
USA,1,2020,21,b,1,4,72,O,O
USA,1,2020,21,b,5,10,106,O,O
USA,1,2020,21,b,15,10,677,O,O
USA,1,2020,21,b,25,10,1508,O,O
USA,1,2020,21,b,35,10,2071,O,O
USA,1,2020,21,b,45,10,3630,O,O
USA,1,2020,21,b,55,10,8207,O,O
USA,1,2020,21,b,65,10,11987,O,O
USA,1,2020,21,b,75,10,14440,O,O
USA,1,2020,21,b,85,+,18452,O,O
USA,1,2020,21,b,TOT,.,61539,O,O
USA,1,2020,22,m,0,1,222,O,O
USA,1,2020,22,m,1,4,36,O,O
USA,1,2020,22,m,5,10,78,O,O
USA,1,2020,22,m,15,10,506,O,O
USA,1,2020,22,m,25,10,1062,O,O
USA,1,2020,22,m,35,10,1381,O,O
USA,1,2020,22,m,45,10,2392,O,O
USA,1,2020,22,m,55,10,4869,O,O
USA,1,2020,22,m,65,10,6805,O,O
USA,1,2020,22,m,75,10,7346,O,O
USA,1,2020,22,m,85,+,6623,O,O
USA,1,2020,22,m,TOT,.,31320,O,O
USA,1,2020,22,f,0,1,148,O,O
USA,1,2020,22,f,1,4,31,O,O
USA,1,2020,22,f,5,10,35,O,O
USA,1,2020,22,f,15,10,169,O,O
USA,1,2020,22,f,25,10,431,O,O
USA,1,2020,22,f,35,10,687,O,O
USA,1,2020,22,f,45,10,1250,O,O
USA,1,2020,22,f,55,10,2854,O,O
USA,1,2020,22,f,65,10,4969,O,O
USA,1,2020,22,f,75,10,6765,O,O
USA,1,2020,22,f,85,+,10945,O,O
USA,1,2020,22,f,TOT,.,28284,O,O
USA,1,2020,22,b,0,1,370,O,O
USA,1,2020,22,b,1,4,67,O,O
USA,1,2020,22,b,5,10,113,O,O
USA,1,2020,22,b,15,10,675,O,O
USA,1,2020,22,b,25,10,1493,O,O
USA,1,2020,22,b,35,10,2068,O,O
USA,1,2020,22,b,45,10,3642,O,O
USA,1,2020,22,b,55,10,7723,O,O
USA,1,2020,22,b,65,10,11774,O,O
USA,1,2020,22,b,75,10,14111,O,O
USA,1,2020,22,b,85,+,17568,O,O
USA,1,2020,22,b,TOT,.,59604,O,O
USA,1,2020,23,m,0,1,218,O,O
USA,1,2020,23,m,1,4,43,O,O
USA,1,2020,23,m,5,10,84,O,O
USA,1,2020,23,m,15,10,557,O,O
USA,1,2020,23,m,25,10,1120,O,O
USA,1,2020,23,m,35,10,1355,O,O
USA,1,2020,23,m,45,10,2374,O,O
USA,1,2020,23,m,55,10,4949,O,O
USA,1,2020,23,m,65,10,6792,O,O
USA,1,2020,23,m,75,10,7114,O,O
USA,1,2020,23,m,85,+,6461,O,O
USA,1,2020,23,m,TOT,.,31067,O,O
USA,1,2020,23,f,0,1,184,O,O
USA,1,2020,23,f,1,4,33,O,O
USA,1,2020,23,f,5,10,44,O,O
USA,1,2020,23,f,15,10,205,O,O
USA,1,2020,23,f,25,10,441,O,O
USA,1,2020,23,f,35,10,711,O,O
USA,1,2020,23,f,45,10,1398,O,O
USA,1,2020,23,f,55,10,2942,O,O
USA,1,2020,23,f,65,10,4765,O,O
USA,1,2020,23,f,75,10,6622,O,O
USA,1,2020,23,f,85,+,10416,O,O
USA,1,2020,23,f,TOT,.,27761,O,O
USA,1,2020,23,b,0,1,402,O,O
USA,1,2020,23,b,1,4,76,O,O
USA,1,2020,23,b,5,10,128,O,O
USA,1,2020,23,b,15,10,762,O,O
USA,1,2020,23,b,25,10,1561,O,O
USA,1,2020,23,b,35,10,2066,O,O
USA,1,2020,23,b,45,10,3772,O,O
USA,1,2020,23,b,55,10,7891,O,O
USA,1,2020,23,b,65,10,11557,O,O
USA,1,2020,23,b,75,10,13736,O,O
USA,1,2020,23,b,85,+,16877,O,O
USA,1,2020,23,b,TOT,.,58828,O,O
USA,1,2020,24,m,0,1,204,O,O
USA,1,2020,24,m,1,4,43,O,O
USA,1,2020,24,m,5,10,76,O,O
USA,1,2020,24,m,15,10,581,O,O
USA,1,2020,24,m,25,10,1051,O,O
USA,1,2020,24,m,35,10,1273,O,O
USA,1,2020,24,m,45,10,2279,O,O
USA,1,2020,24,m,55,10,4907,O,O
USA,1,2020,24,m,65,10,6600,O,O
USA,1,2020,24,m,75,10,7069,O,O
USA,1,2020,24,m,85,+,6401,O,O
USA,1,2020,24,m,TOT,.,30484,O,O
USA,1,2020,24,f,0,1,176,O,O
USA,1,2020,24,f,1,4,28,O,O
USA,1,2020,24,f,5,10,48,O,O
USA,1,2020,24,f,15,10,217,O,O
USA,1,2020,24,f,25,10,422,O,O
USA,1,2020,24,f,35,10,687,O,O
USA,1,2020,24,f,45,10,1349,O,O
USA,1,2020,24,f,55,10,2958,O,O
USA,1,2020,24,f,65,10,4893,O,O
USA,1,2020,24,f,75,10,6458,O,O
USA,1,2020,24,f,85,+,10230,O,O
USA,1,2020,24,f,TOT,.,27466,O,O
USA,1,2020,24,b,0,1,380,O,O
USA,1,2020,24,b,1,4,71,O,O
USA,1,2020,24,b,5,10,124,O,O
USA,1,2020,24,b,15,10,798,O,O
USA,1,2020,24,b,25,10,1473,O,O
USA,1,2020,24,b,35,10,1960,O,O
USA,1,2020,24,b,45,10,3628,O,O
USA,1,2020,24,b,55,10,7865,O,O
USA,1,2020,24,b,65,10,11493,O,O
USA,1,2020,24,b,75,10,13527,O,O
USA,1,2020,24,b,85,+,16631,O,O
USA,1,2020,24,b,TOT,.,57950,O,O
USA,1,2020,25,m,0,1,214,O,O
USA,1,2020,25,m,1,4,55,O,O
USA,1,2020,25,m,5,10,62,O,O
USA,1,2020,25,m,15,10,535,O,O
USA,1,2020,25,m,25,10,1106,O,O
USA,1,2020,25,m,35,10,1277,O,O
USA,1,2020,25,m,45,10,2305,O,O
USA,1,2020,25,m,55,10,4884,O,O
USA,1,2020,25,m,65,10,6740,O,O
USA,1,2020,25,m,75,10,7104,O,O
USA,1,2020,25,m,85,+,6297,O,O
USA,1,2020,25,m,TOT,.,30579,O,O
USA,1,2020,25,f,0,1,177,O,O
USA,1,2020,25,f,1,4,26,O,O
USA,1,2020,25,f,5,10,50,O,O
USA,1,2020,25,f,15,10,191,O,O
USA,1,2020,25,f,25,10,443,O,O
USA,1,2020,25,f,35,10,703,O,O
USA,1,2020,25,f,45,10,1329,O,O
USA,1,2020,25,f,55,10,2900,O,O
USA,1,2020,25,f,65,10,4778,O,O
USA,1,2020,25,f,75,10,6598,O,O
USA,1,2020,25,f,85,+,10125,O,O
USA,1,2020,25,f,TOT,.,27320,O,O
USA,1,2020,25,b,0,1,391,O,O
USA,1,2020,25,b,1,4,81,O,O
USA,1,2020,25,b,5,10,112,O,O
USA,1,2020,25,b,15,10,726,O,O
USA,1,2020,25,b,25,10,1549,O,O
USA,1,2020,25,b,35,10,1980,O,O
USA,1,2020,25,b,45,10,3634,O,O
USA,1,2020,25,b,55,10,7784,O,O
USA,1,2020,25,b,65,10,11518,O,O
USA,1,2020,25,b,75,10,13702,O,O
USA,1,2020,25,b,85,+,16422,O,O
USA,1,2020,25,b,TOT,.,57899,O,O
USA,1,2020,26,m,0,1,196,O,O
USA,1,2020,26,m,1,4,34,O,O
USA,1,2020,26,m,5,10,59,O,O
USA,1,2020,26,m,15,10,609,O,O
USA,1,2020,26,m,25,10,1114,O,O
USA,1,2020,26,m,35,10,1347,O,O
USA,1,2020,26,m,45,10,2285,O,O
USA,1,2020,26,m,55,10,4806,O,O
USA,1,2020,26,m,65,10,6604,O,O
USA,1,2020,26,m,75,10,7150,O,O
USA,1,2020,26,m,85,+,6542,O,O
USA,1,2020,26,m,TOT,.,30746,O,O
USA,1,2020,26,f,0,1,150,O,O
USA,1,2020,26,f,1,4,18,O,O
USA,1,2020,26,f,5,10,59,O,O
USA,1,2020,26,f,15,10,195,O,O
USA,1,2020,26,f,25,10,429,O,O
USA,1,2020,26,f,35,10,669,O,O
USA,1,2020,26,f,45,10,1300,O,O
USA,1,2020,26,f,55,10,3072,O,O
USA,1,2020,26,f,65,10,4887,O,O
USA,1,2020,26,f,75,10,6633,O,O
USA,1,2020,26,f,85,+,10242,O,O
USA,1,2020,26,f,TOT,.,27654,O,O
USA,1,2020,26,b,0,1,346,O,O
USA,1,2020,26,b,1,4,52,O,O
USA,1,2020,26,b,5,10,118,O,O
USA,1,2020,26,b,15,10,804,O,O
USA,1,2020,26,b,25,10,1543,O,O
USA,1,2020,26,b,35,10,2016,O,O
USA,1,2020,26,b,45,10,3585,O,O
USA,1,2020,26,b,55,10,7878,O,O
USA,1,2020,26,b,65,10,11491,O,O
USA,1,2020,26,b,75,10,13783,O,O
USA,1,2020,26,b,85,+,16784,O,O
USA,1,2020,26,b,TOT,.,58400,O,O
USA,1,2020,27,m,0,1,219,O,O
USA,1,2020,27,m,1,4,37,O,O
USA,1,2020,27,m,5,10,69,O,O
USA,1,2020,27,m,15,10,574,O,O
USA,1,2020,27,m,25,10,1103,O,O
USA,1,2020,27,m,35,10,1416,O,O
USA,1,2020,27,m,45,10,2361,O,O
USA,1,2020,27,m,55,10,5121,O,O
USA,1,2020,27,m,65,10,6746,O,O
USA,1,2020,27,m,75,10,7245,O,O
USA,1,2020,27,m,85,+,6616,O,O
USA,1,2020,27,m,TOT,.,31507,O,O
USA,1,2020,27,f,0,1,175,O,O
USA,1,2020,27,f,1,4,43,O,O
USA,1,2020,27,f,5,10,64,O,O
USA,1,2020,27,f,15,10,175,O,O
USA,1,2020,27,f,25,10,444,O,O
USA,1,2020,27,f,35,10,694,O,O
USA,1,2020,27,f,45,10,1404,O,O
USA,1,2020,27,f,55,10,3169,O,O
USA,1,2020,27,f,65,10,5062,O,O
USA,1,2020,27,f,75,10,6660,O,O
USA,1,2020,27,f,85,+,10344,O,O
USA,1,2020,27,f,TOT,.,28234,O,O
USA,1,2020,27,b,0,1,394,O,O
USA,1,2020,27,b,1,4,80,O,O
USA,1,2020,27,b,5,10,133,O,O
USA,1,2020,27,b,15,10,749,O,O
USA,1,2020,27,b,25,10,1547,O,O
USA,1,2020,27,b,35,10,2110,O,O
USA,1,2020,27,b,45,10,3765,O,O
USA,1,2020,27,b,55,10,8290,O,O
USA,1,2020,27,b,65,10,11808,O,O
USA,1,2020,27,b,75,10,13905,O,O
USA,1,2020,27,b,85,+,16960,O,O
USA,1,2020,27,b,TOT,.,59741,O,O
USA,1,2020,28,m,0,1,224,O,O
USA,1,2020,28,m,1,4,55,O,O
USA,1,2020,28,m,5,10,75,O,O
USA,1,2020,28,m,15,10,624,O,O
USA,1,2020,28,m,25,10,1041,O,O
USA,1,2020,28,m,35,10,1512,O,O
USA,1,2020,28,m,45,10,2504,O,O
USA,1,2020,28,m,55,10,5378,O,O
USA,1,2020,28,m,65,10,7359,O,O
USA,1,2020,28,m,75,10,7434,O,O
USA,1,2020,28,m,85,+,6604,O,O
USA,1,2020,28,m,TOT,.,32810,O,O
USA,1,2020,28,f,0,1,170,O,O
USA,1,2020,28,f,1,4,23,O,O
USA,1,2020,28,f,5,10,61,O,O
USA,1,2020,28,f,15,10,217,O,O
USA,1,2020,28,f,25,10,469,O,O
USA,1,2020,28,f,35,10,721,O,O
USA,1,2020,28,f,45,10,1386,O,O
USA,1,2020,28,f,55,10,3252,O,O
USA,1,2020,28,f,65,10,5171,O,O
USA,1,2020,28,f,75,10,6910,O,O
USA,1,2020,28,f,85,+,10617,O,O
USA,1,2020,28,f,TOT,.,28997,O,O
USA,1,2020,28,b,0,1,394,O,O
USA,1,2020,28,b,1,4,78,O,O
USA,1,2020,28,b,5,10,136,O,O
USA,1,2020,28,b,15,10,841,O,O
USA,1,2020,28,b,25,10,1510,O,O
USA,1,2020,28,b,35,10,2233,O,O
USA,1,2020,28,b,45,10,3890,O,O
USA,1,2020,28,b,55,10,8630,O,O
USA,1,2020,28,b,65,10,12530,O,O
USA,1,2020,28,b,75,10,14344,O,O
USA,1,2020,28,b,85,+,17221,O,O
USA,1,2020,28,b,TOT,.,61807,O,O
USA,1,2020,29,m,0,1,183,O,O
USA,1,2020,29,m,1,4,39,O,O
USA,1,2020,29,m,5,10,78,O,O
USA,1,2020,29,m,15,10,612,O,O
USA,1,2020,29,m,25,10,1165,O,O
USA,1,2020,29,m,35,10,1518,O,O
USA,1,2020,29,m,45,10,2402,O,O
USA,1,2020,29,m,55,10,5324,O,O
USA,1,2020,29,m,65,10,7330,O,O
USA,1,2020,29,m,75,10,7770,O,O
USA,1,2020,29,m,85,+,7041,O,O
USA,1,2020,29,m,TOT,.,33462,O,O
USA,1,2020,29,f,0,1,145,O,O
USA,1,2020,29,f,1,4,37,O,O
USA,1,2020,29,f,5,10,44,O,O
USA,1,2020,29,f,15,10,186,O,O
USA,1,2020,29,f,25,10,460,O,O
USA,1,2020,29,f,35,10,767,O,O
USA,1,2020,29,f,45,10,1463,O,O
USA,1,2020,29,f,55,10,3213,O,O
USA,1,2020,29,f,65,10,5282,O,O
USA,1,2020,29,f,75,10,7122,O,O
USA,1,2020,29,f,85,+,10858,O,O
USA,1,2020,29,f,TOT,.,29577,O,O
USA,1,2020,29,b,0,1,328,O,O
USA,1,2020,29,b,1,4,76,O,O
USA,1,2020,29,b,5,10,122,O,O
USA,1,2020,29,b,15,10,798,O,O
USA,1,2020,29,b,25,10,1625,O,O
USA,1,2020,29,b,35,10,2285,O,O
USA,1,2020,29,b,45,10,3865,O,O
USA,1,2020,29,b,55,10,8537,O,O
USA,1,2020,29,b,65,10,12612,O,O
USA,1,2020,29,b,75,10,14892,O,O
USA,1,2020,29,b,85,+,17899,O,O
USA,1,2020,29,b,TOT,.,63039,O,O
USA,1,2020,30,m,0,1,221,O,O
USA,1,2020,30,m,1,4,48,O,O
USA,1,2020,30,m,5,10,72,O,O
USA,1,2020,30,m,15,10,586,O,O
USA,1,2020,30,m,25,10,1109,O,O
USA,1,2020,30,m,35,10,1468,O,O
USA,1,2020,30,m,45,10,2450,O,O
USA,1,2020,30,m,55,10,5293,O,O
USA,1,2020,30,m,65,10,7642,O,O
USA,1,2020,30,m,75,10,8100,O,O
USA,1,2020,30,m,85,+,7034,O,O
USA,1,2020,30,m,TOT,.,34023,O,O
USA,1,2020,30,f,0,1,153,O,O
USA,1,2020,30,f,1,4,34,O,O
USA,1,2020,30,f,5,10,45,O,O
USA,1,2020,30,f,15,10,190,O,O
USA,1,2020,30,f,25,10,498,O,O
USA,1,2020,30,f,35,10,746,O,O
USA,1,2020,30,f,45,10,1443,O,O
USA,1,2020,30,f,55,10,3368,O,O
USA,1,2020,30,f,65,10,5353,O,O
USA,1,2020,30,f,75,10,7292,O,O
USA,1,2020,30,f,85,+,10950,O,O
USA,1,2020,30,f,TOT,.,30072,O,O
USA,1,2020,30,b,0,1,374,O,O
USA,1,2020,30,b,1,4,82,O,O
USA,1,2020,30,b,5,10,117,O,O
USA,1,2020,30,b,15,10,776,O,O
USA,1,2020,30,b,25,10,1607,O,O
USA,1,2020,30,b,35,10,2214,O,O
USA,1,2020,30,b,45,10,3893,O,O
USA,1,2020,30,b,55,10,8661,O,O
USA,1,2020,30,b,65,10,12995,O,O
USA,1,2020,30,b,75,10,15392,O,O
USA,1,2020,30,b,85,+,17984,O,O
USA,1,2020,30,b,TOT,.,64095,O,O
USA,1,2020,31,m,0,1,172,O,O
USA,1,2020,31,m,1,4,39,O,O
USA,1,2020,31,m,5,10,59,O,O
USA,1,2020,31,m,15,10,557,O,O
USA,1,2020,31,m,25,10,1127,O,O
USA,1,2020,31,m,35,10,1517,O,O
USA,1,2020,31,m,45,10,2422,O,O
USA,1,2020,31,m,55,10,5401,O,O
USA,1,2020,31,m,65,10,7633,O,O
USA,1,2020,31,m,75,10,8130,O,O
USA,1,2020,31,m,85,+,6961,O,O
USA,1,2020,31,m,TOT,.,34018,O,O
USA,1,2020,31,f,0,1,161,O,O
USA,1,2020,31,f,1,4,31,O,O
USA,1,2020,31,f,5,10,46,O,O
USA,1,2020,31,f,15,10,192,O,O
USA,1,2020,31,f,25,10,391,O,O
USA,1,2020,31,f,35,10,730,O,O
USA,1,2020,31,f,45,10,1416,O,O
USA,1,2020,31,f,55,10,3358,O,O
USA,1,2020,31,f,65,10,5424,O,O
USA,1,2020,31,f,75,10,7322,O,O
USA,1,2020,31,f,85,+,10984,O,O
USA,1,2020,31,f,TOT,.,30055,O,O
USA,1,2020,31,b,0,1,333,O,O
USA,1,2020,31,b,1,4,70,O,O
USA,1,2020,31,b,5,10,105,O,O
USA,1,2020,31,b,15,10,749,O,O
USA,1,2020,31,b,25,10,1518,O,O
USA,1,2020,31,b,35,10,2247,O,O
USA,1,2020,31,b,45,10,3838,O,O
USA,1,2020,31,b,55,10,8759,O,O
USA,1,2020,31,b,65,10,13057,O,O
USA,1,2020,31,b,75,10,15452,O,O
USA,1,2020,31,b,85,+,17945,O,O
USA,1,2020,31,b,TOT,.,64073,O,O
USA,1,2020,32,m,0,1,209,O,O
USA,1,2020,32,m,1,4,47,O,O
USA,1,2020,32,m,5,10,59,O,O
USA,1,2020,32,m,15,10,548,O,O
USA,1,2020,32,m,25,10,1068,O,O
USA,1,2020,32,m,35,10,1412,O,O
USA,1,2020,32,m,45,10,2464,O,O
USA,1,2020,32,m,55,10,5333,O,O
USA,1,2020,32,m,65,10,7546,O,O
USA,1,2020,32,m,75,10,8092,O,O
USA,1,2020,32,m,85,+,6889,O,O
USA,1,2020,32,m,TOT,.,33667,O,O
USA,1,2020,32,f,0,1,180,O,O
USA,1,2020,32,f,1,4,25,O,O
USA,1,2020,32,f,5,10,36,O,O
USA,1,2020,32,f,15,10,178,O,O
USA,1,2020,32,f,25,10,444,O,O
USA,1,2020,32,f,35,10,733,O,O
USA,1,2020,32,f,45,10,1408,O,O
USA,1,2020,32,f,55,10,3448,O,O
USA,1,2020,32,f,65,10,5249,O,O
USA,1,2020,32,f,75,10,7304,O,O
USA,1,2020,32,f,85,+,10846,O,O
USA,1,2020,32,f,TOT,.,29851,O,O
USA,1,2020,32,b,0,1,389,O,O
USA,1,2020,32,b,1,4,72,O,O
USA,1,2020,32,b,5,10,95,O,O
USA,1,2020,32,b,15,10,726,O,O
USA,1,2020,32,b,25,10,1512,O,O
USA,1,2020,32,b,35,10,2145,O,O
USA,1,2020,32,b,45,10,3872,O,O
USA,1,2020,32,b,55,10,8781,O,O
USA,1,2020,32,b,65,10,12795,O,O
USA,1,2020,32,b,75,10,15396,O,O
USA,1,2020,32,b,85,+,17735,O,O
USA,1,2020,32,b,TOT,.,63518,O,O
USA,1,2020,33,m,0,1,192,O,O
USA,1,2020,33,m,1,4,31,O,O
USA,1,2020,33,m,5,10,64,O,O
USA,1,2020,33,m,15,10,567,O,O
USA,1,2020,33,m,25,10,1103,O,O
USA,1,2020,33,m,35,10,1379,O,O
USA,1,2020,33,m,45,10,2378,O,O
USA,1,2020,33,m,55,10,5245,O,O
USA,1,2020,33,m,65,10,7574,O,O
USA,1,2020,33,m,75,10,7947,O,O
USA,1,2020,33,m,85,+,6842,O,O
USA,1,2020,33,m,TOT,.,33322,O,O
USA,1,2020,33,f,0,1,150,O,O
USA,1,2020,33,f,1,4,36,O,O
USA,1,2020,33,f,5,10,43,O,O
USA,1,2020,33,f,15,10,216,O,O
USA,1,2020,33,f,25,10,464,O,O
USA,1,2020,33,f,35,10,737,O,O
USA,1,2020,33,f,45,10,1428,O,O
USA,1,2020,33,f,55,10,3259,O,O
USA,1,2020,33,f,65,10,5309,O,O
USA,1,2020,33,f,75,10,7363,O,O
USA,1,2020,33,f,85,+,11052,O,O
USA,1,2020,33,f,TOT,.,30057,O,O
USA,1,2020,33,b,0,1,342,O,O
USA,1,2020,33,b,1,4,67,O,O
USA,1,2020,33,b,5,10,107,O,O
USA,1,2020,33,b,15,10,783,O,O
USA,1,2020,33,b,25,10,1567,O,O
USA,1,2020,33,b,35,10,2116,O,O
USA,1,2020,33,b,45,10,3806,O,O
USA,1,2020,33,b,55,10,8504,O,O
USA,1,2020,33,b,65,10,12883,O,O
USA,1,2020,33,b,75,10,15310,O,O
USA,1,2020,33,b,85,+,17894,O,O
USA,1,2020,33,b,TOT,.,63379,O,O
USA,1,2020,34,m,0,1,192,O,O
USA,1,2020,34,m,1,4,30,O,O
USA,1,2020,34,m,5,10,62,O,O
USA,1,2020,34,m,15,10,553,O,O
USA,1,2020,34,m,25,10,1060,O,O
USA,1,2020,34,m,35,10,1382,O,O
USA,1,2020,34,m,45,10,2377,O,O
USA,1,2020,34,m,55,10,5008,O,O
USA,1,2020,34,m,65,10,7372,O,O
USA,1,2020,34,m,75,10,7730,O,O
USA,1,2020,34,m,85,+,6883,O,O
USA,1,2020,34,m,TOT,.,32649,O,O
USA,1,2020,34,f,0,1,162,O,O
USA,1,2020,34,f,1,4,21,O,O
USA,1,2020,34,f,5,10,38,O,O
USA,1,2020,34,f,15,10,217,O,O
USA,1,2020,34,f,25,10,420,O,O
USA,1,2020,34,f,35,10,666,O,O
USA,1,2020,34,f,45,10,1391,O,O
USA,1,2020,34,f,55,10,3197,O,O
USA,1,2020,34,f,65,10,5296,O,O
USA,1,2020,34,f,75,10,7268,O,O
USA,1,2020,34,f,85,+,10895,O,O
USA,1,2020,34,f,TOT,.,29571,O,O
USA,1,2020,34,b,0,1,354,O,O
USA,1,2020,34,b,1,4,51,O,O
USA,1,2020,34,b,5,10,100,O,O
USA,1,2020,34,b,15,10,770,O,O
USA,1,2020,34,b,25,10,1480,O,O
USA,1,2020,34,b,35,10,2048,O,O
USA,1,2020,34,b,45,10,3768,O,O
USA,1,2020,34,b,55,10,8205,O,O
USA,1,2020,34,b,65,10,12668,O,O
USA,1,2020,34,b,75,10,14998,O,O
USA,1,2020,34,b,85,+,17778,O,O
USA,1,2020,34,b,TOT,.,62220,O,O
USA,1,2020,35,m,0,1,178,O,O
USA,1,2020,35,m,1,4,30,O,O
USA,1,2020,35,m,5,10,57,O,O
USA,1,2020,35,m,15,10,554,O,O
USA,1,2020,35,m,25,10,1063,O,O
USA,1,2020,35,m,35,10,1379,O,O
USA,1,2020,35,m,45,10,2220,O,O
USA,1,2020,35,m,55,10,4945,O,O
USA,1,2020,35,m,65,10,6923,O,O
USA,1,2020,35,m,75,10,7494,O,O
USA,1,2020,35,m,85,+,6832,O,O
USA,1,2020,35,m,TOT,.,31675,O,O
USA,1,2020,35,f,0,1,176,O,O
USA,1,2020,35,f,1,4,29,O,O
USA,1,2020,35,f,5,10,48,O,O
USA,1,2020,35,f,15,10,192,O,O
USA,1,2020,35,f,25,10,413,O,O
USA,1,2020,35,f,35,10,686,O,O
USA,1,2020,35,f,45,10,1366,O,O
USA,1,2020,35,f,55,10,3165,O,O
USA,1,2020,35,f,65,10,5160,O,O
USA,1,2020,35,f,75,10,7047,O,O
USA,1,2020,35,f,85,+,10736,O,O
USA,1,2020,35,f,TOT,.,29018,O,O
USA,1,2020,35,b,0,1,354,O,O
USA,1,2020,35,b,1,4,59,O,O
USA,1,2020,35,b,5,10,105,O,O
USA,1,2020,35,b,15,10,746,O,O
USA,1,2020,35,b,25,10,1476,O,O
USA,1,2020,35,b,35,10,2065,O,O
USA,1,2020,35,b,45,10,3586,O,O
USA,1,2020,35,b,55,10,8110,O,O
USA,1,2020,35,b,65,10,12083,O,O
USA,1,2020,35,b,75,10,14541,O,O
USA,1,2020,35,b,85,+,17568,O,O
USA,1,2020,35,b,TOT,.,60693,O,O
USA,1,2020,36,m,0,1,187,O,O
USA,1,2020,36,m,1,4,37,O,O
USA,1,2020,36,m,5,10,60,O,O
USA,1,2020,36,m,15,10,528,O,O
USA,1,2020,36,m,25,10,1045,O,O
USA,1,2020,36,m,35,10,1362,O,O
USA,1,2020,36,m,45,10,2315,O,O
USA,1,2020,36,m,55,10,4862,O,O
USA,1,2020,36,m,65,10,6886,O,O
USA,1,2020,36,m,75,10,7358,O,O
USA,1,2020,36,m,85,+,6549,O,O
USA,1,2020,36,m,TOT,.,31189,O,O
USA,1,2020,36,f,0,1,157,O,O
USA,1,2020,36,f,1,4,27,O,O
USA,1,2020,36,f,5,10,42,O,O
USA,1,2020,36,f,15,10,181,O,O
USA,1,2020,36,f,25,10,386,O,O
USA,1,2020,36,f,35,10,754,O,O
USA,1,2020,36,f,45,10,1304,O,O
USA,1,2020,36,f,55,10,3085,O,O
USA,1,2020,36,f,65,10,5095,O,O
USA,1,2020,36,f,75,10,6861,O,O
USA,1,2020,36,f,85,+,10498,O,O
USA,1,2020,36,f,TOT,.,28390,O,O
USA,1,2020,36,b,0,1,344,O,O
USA,1,2020,36,b,1,4,64,O,O
USA,1,2020,36,b,5,10,102,O,O
USA,1,2020,36,b,15,10,709,O,O
USA,1,2020,36,b,25,10,1431,O,O
USA,1,2020,36,b,35,10,2116,O,O
USA,1,2020,36,b,45,10,3619,O,O
USA,1,2020,36,b,55,10,7947,O,O
USA,1,2020,36,b,65,10,11981,O,O
USA,1,2020,36,b,75,10,14219,O,O
USA,1,2020,36,b,85,+,17047,O,O
USA,1,2020,36,b,TOT,.,59579,O,O
USA,1,2020,37,m,0,1,220,O,O
USA,1,2020,37,m,1,4,40,O,O
USA,1,2020,37,m,5,10,68,O,O
USA,1,2020,37,m,15,10,569,O,O
USA,1,2020,37,m,25,10,995,O,O
USA,1,2020,37,m,35,10,1300,O,O
USA,1,2020,37,m,45,10,2193,O,O
USA,1,2020,37,m,55,10,4957,O,O
USA,1,2020,37,m,65,10,6818,O,O
USA,1,2020,37,m,75,10,7310,O,O
USA,1,2020,37,m,85,+,6504,O,O
USA,1,2020,37,m,TOT,.,30974,O,O
USA,1,2020,37,f,0,1,158,O,O
USA,1,2020,37,f,1,4,22,O,O
USA,1,2020,37,f,5,10,39,O,O
USA,1,2020,37,f,15,10,177,O,O
USA,1,2020,37,f,25,10,403,O,O
USA,1,2020,37,f,35,10,683,O,O
USA,1,2020,37,f,45,10,1259,O,O
USA,1,2020,37,f,55,10,3058,O,O
USA,1,2020,37,f,65,10,4907,O,O
USA,1,2020,37,f,75,10,6711,O,O
USA,1,2020,37,f,85,+,10437,O,O
USA,1,2020,37,f,TOT,.,27854,O,O
USA,1,2020,37,b,0,1,378,O,O
USA,1,2020,37,b,1,4,62,O,O
USA,1,2020,37,b,5,10,107,O,O
USA,1,2020,37,b,15,10,746,O,O
USA,1,2020,37,b,25,10,1398,O,O
USA,1,2020,37,b,35,10,1983,O,O
USA,1,2020,37,b,45,10,3452,O,O
USA,1,2020,37,b,55,10,8015,O,O
USA,1,2020,37,b,65,10,11725,O,O
USA,1,2020,37,b,75,10,14021,O,O
USA,1,2020,37,b,85,+,16941,O,O
USA,1,2020,37,b,TOT,.,58828,O,O
USA,1,2020,38,m,0,1,187,O,O
USA,1,2020,38,m,1,4,39,O,O
USA,1,2020,38,m,5,10,67,O,O
USA,1,2020,38,m,15,10,548,O,O
USA,1,2020,38,m,25,10,984,O,O
USA,1,2020,38,m,35,10,1219,O,O
USA,1,2020,38,m,45,10,2092,O,O
USA,1,2020,38,m,55,10,4787,O,O
USA,1,2020,38,m,65,10,6879,O,O
USA,1,2020,38,m,75,10,7334,O,O
USA,1,2020,38,m,85,+,6664,O,O
USA,1,2020,38,m,TOT,.,30800,O,O
USA,1,2020,38,f,0,1,168,O,O
USA,1,2020,38,f,1,4,22,O,O
USA,1,2020,38,f,5,10,36,O,O
USA,1,2020,38,f,15,10,179,O,O
USA,1,2020,38,f,25,10,409,O,O
USA,1,2020,38,f,35,10,629,O,O
USA,1,2020,38,f,45,10,1278,O,O
USA,1,2020,38,f,55,10,2998,O,O
USA,1,2020,38,f,65,10,5038,O,O
USA,1,2020,38,f,75,10,6768,O,O
USA,1,2020,38,f,85,+,10401,O,O
USA,1,2020,38,f,TOT,.,27926,O,O
USA,1,2020,38,b,0,1,355,O,O
USA,1,2020,38,b,1,4,61,O,O
USA,1,2020,38,b,5,10,103,O,O
USA,1,2020,38,b,15,10,727,O,O
USA,1,2020,38,b,25,10,1393,O,O
USA,1,2020,38,b,35,10,1848,O,O
USA,1,2020,38,b,45,10,3370,O,O
USA,1,2020,38,b,55,10,7785,O,O
USA,1,2020,38,b,65,10,11917,O,O
USA,1,2020,38,b,75,10,14102,O,O
USA,1,2020,38,b,85,+,17065,O,O
USA,1,2020,38,b,TOT,.,58726,O,O
USA,1,2020,39,m,0,1,203,O,O
USA,1,2020,39,m,1,4,34,O,O
USA,1,2020,39,m,5,10,64,O,O
USA,1,2020,39,m,15,10,500,O,O
USA,1,2020,39,m,25,10,954,O,O
USA,1,2020,39,m,35,10,1257,O,O
USA,1,2020,39,m,45,10,2146,O,O
USA,1,2020,39,m,55,10,4690,O,O
USA,1,2020,39,m,65,10,6846,O,O
USA,1,2020,39,m,75,10,7286,O,O
USA,1,2020,39,m,85,+,6916,O,O
USA,1,2020,39,m,TOT,.,30896,O,O
USA,1,2020,39,f,0,1,122,O,O
USA,1,2020,39,f,1,4,18,O,O
USA,1,2020,39,f,5,10,37,O,O
USA,1,2020,39,f,15,10,172,O,O
USA,1,2020,39,f,25,10,421,O,O
USA,1,2020,39,f,35,10,688,O,O
USA,1,2020,39,f,45,10,1250,O,O
USA,1,2020,39,f,55,10,3060,O,O
USA,1,2020,39,f,65,10,5030,O,O
USA,1,2020,39,f,75,10,6943,O,O
USA,1,2020,39,f,85,+,10677,O,O
USA,1,2020,39,f,TOT,.,28418,O,O
USA,1,2020,39,b,0,1,325,O,O
USA,1,2020,39,b,1,4,52,O,O
USA,1,2020,39,b,5,10,101,O,O
USA,1,2020,39,b,15,10,672,O,O
USA,1,2020,39,b,25,10,1375,O,O
USA,1,2020,39,b,35,10,1945,O,O
USA,1,2020,39,b,45,10,3396,O,O
USA,1,2020,39,b,55,10,7750,O,O
USA,1,2020,39,b,65,10,11876,O,O
USA,1,2020,39,b,75,10,14229,O,O
USA,1,2020,39,b,85,+,17593,O,O
USA,1,2020,39,b,TOT,.,59314,O,O
USA,1,2020,40,m,0,1,189,O,O
USA,1,2020,40,m,1,4,26,O,O
USA,1,2020,40,m,5,10,69,O,O
USA,1,2020,40,m,15,10,520,O,O
USA,1,2020,40,m,25,10,917,O,O
USA,1,2020,40,m,35,10,1246,O,O
USA,1,2020,40,m,45,10,2078,O,O
USA,1,2020,40,m,55,10,4590,O,O
USA,1,2020,40,m,65,10,6724,O,O
USA,1,2020,40,m,75,10,7202,O,O
USA,1,2020,40,m,85,+,6589,O,O
USA,1,2020,40,m,TOT,.,30150,O,O
USA,1,2020,40,f,0,1,138,O,O
USA,1,2020,40,f,1,4,28,O,O
USA,1,2020,40,f,5,10,49,O,O
USA,1,2020,40,f,15,10,197,O,O
USA,1,2020,40,f,25,10,394,O,O
USA,1,2020,40,f,35,10,654,O,O
USA,1,2020,40,f,45,10,1242,O,O
USA,1,2020,40,f,55,10,2997,O,O
USA,1,2020,40,f,65,10,5030,O,O
USA,1,2020,40,f,75,10,6787,O,O
USA,1,2020,40,f,85,+,10395,O,O
USA,1,2020,40,f,TOT,.,27911,O,O
USA,1,2020,40,b,0,1,327,O,O
USA,1,2020,40,b,1,4,54,O,O
USA,1,2020,40,b,5,10,118,O,O
USA,1,2020,40,b,15,10,717,O,O
USA,1,2020,40,b,25,10,1311,O,O
USA,1,2020,40,b,35,10,1900,O,O
USA,1,2020,40,b,45,10,3320,O,O
USA,1,2020,40,b,55,10,7587,O,O
USA,1,2020,40,b,65,10,11754,O,O
USA,1,2020,40,b,75,10,13989,O,O
USA,1,2020,40,b,85,+,16984,O,O
USA,1,2020,40,b,TOT,.,58061,O,O
USA,1,2020,41,m,0,1,209,O,O
USA,1,2020,41,m,1,4,40,O,O
USA,1,2020,41,m,5,10,59,O,O
USA,1,2020,41,m,15,10,518,O,O
USA,1,2020,41,m,25,10,1015,O,O
USA,1,2020,41,m,35,10,1281,O,O
USA,1,2020,41,m,45,10,2205,O,O
USA,1,2020,41,m,55,10,4753,O,O
USA,1,2020,41,m,65,10,6768,O,O
USA,1,2020,41,m,75,10,7449,O,O
USA,1,2020,41,m,85,+,6880,O,O
USA,1,2020,41,m,TOT,.,31177,O,O
USA,1,2020,41,f,0,1,131,O,O
USA,1,2020,41,f,1,4,27,O,O
USA,1,2020,41,f,5,10,35,O,O
USA,1,2020,41,f,15,10,173,O,O
USA,1,2020,41,f,25,10,375,O,O
USA,1,2020,41,f,35,10,663,O,O
USA,1,2020,41,f,45,10,1266,O,O
USA,1,2020,41,f,55,10,3053,O,O
USA,1,2020,41,f,65,10,5075,O,O
USA,1,2020,41,f,75,10,6941,O,O
USA,1,2020,41,f,85,+,10571,O,O
USA,1,2020,41,f,TOT,.,28310,O,O
USA,1,2020,41,b,0,1,340,O,O
USA,1,2020,41,b,1,4,67,O,O
USA,1,2020,41,b,5,10,94,O,O
USA,1,2020,41,b,15,10,691,O,O
USA,1,2020,41,b,25,10,1390,O,O
USA,1,2020,41,b,35,10,1944,O,O
USA,1,2020,41,b,45,10,3471,O,O
USA,1,2020,41,b,55,10,7806,O,O
USA,1,2020,41,b,65,10,11843,O,O
USA,1,2020,41,b,75,10,14390,O,O
USA,1,2020,41,b,85,+,17451,O,O
USA,1,2020,41,b,TOT,.,59487,O,O
USA,1,2020,42,m,0,1,152,O,O
USA,1,2020,42,m,1,4,37,O,O
USA,1,2020,42,m,5,10,58,O,O
USA,1,2020,42,m,15,10,480,O,O
USA,1,2020,42,m,25,10,890,O,O
USA,1,2020,42,m,35,10,1225,O,O
USA,1,2020,42,m,45,10,2046,O,O
USA,1,2020,42,m,55,10,4559,O,O
USA,1,2020,42,m,65,10,6680,O,O
USA,1,2020,42,m,75,10,7303,O,O
USA,1,2020,42,m,85,+,6731,O,O
USA,1,2020,42,m,TOT,.,30161,O,O
USA,1,2020,42,f,0,1,166,O,O
USA,1,2020,42,f,1,4,30,O,O
USA,1,2020,42,f,5,10,33,O,O
USA,1,2020,42,f,15,10,173,O,O
USA,1,2020,42,f,25,10,387,O,O
USA,1,2020,42,f,35,10,603,O,O
USA,1,2020,42,f,45,10,1188,O,O
USA,1,2020,42,f,55,10,2939,O,O
USA,1,2020,42,f,65,10,4961,O,O
USA,1,2020,42,f,75,10,6817,O,O
USA,1,2020,42,f,85,+,10438,O,O
USA,1,2020,42,f,TOT,.,27735,O,O
USA,1,2020,42,b,0,1,318,O,O
USA,1,2020,42,b,1,4,67,O,O
USA,1,2020,42,b,5,10,91,O,O
USA,1,2020,42,b,15,10,653,O,O
USA,1,2020,42,b,25,10,1277,O,O
USA,1,2020,42,b,35,10,1828,O,O
USA,1,2020,42,b,45,10,3234,O,O
USA,1,2020,42,b,55,10,7498,O,O
USA,1,2020,42,b,65,10,11641,O,O
USA,1,2020,42,b,75,10,14120,O,O
USA,1,2020,42,b,85,+,17169,O,O
USA,1,2020,42,b,TOT,.,57896,O,O
USA,1,2020,43,m,0,1,158,O,O
USA,1,2020,43,m,1,4,32,O,O
USA,1,2020,43,m,5,10,72,O,O
USA,1,2020,43,m,15,10,447,O,O
USA,1,2020,43,m,25,10,900,O,O
USA,1,2020,43,m,35,10,1152,O,O
USA,1,2020,43,m,45,10,2007,O,O
USA,1,2020,43,m,55,10,4787,O,O
USA,1,2020,43,m,65,10,6817,O,O
USA,1,2020,43,m,75,10,7618,O,O
USA,1,2020,43,m,85,+,7068,O,O
USA,1,2020,43,m,TOT,.,31058,O,O
USA,1,2020,43,f,0,1,124,O,O
USA,1,2020,43,f,1,4,17,O,O
USA,1,2020,43,f,5,10,39,O,O
USA,1,2020,43,f,15,10,164,O,O
USA,1,2020,43,f,25,10,352,O,O
USA,1,2020,43,f,35,10,633,O,O
USA,1,2020,43,f,45,10,1197,O,O
USA,1,2020,43,f,55,10,2977,O,O
USA,1,2020,43,f,65,10,4854,O,O
USA,1,2020,43,f,75,10,6978,O,O
USA,1,2020,43,f,85,+,10919,O,O
USA,1,2020,43,f,TOT,.,28254,O,O
USA,1,2020,43,b,0,1,282,O,O
USA,1,2020,43,b,1,4,49,O,O
USA,1,2020,43,b,5,10,111,O,O
USA,1,2020,43,b,15,10,611,O,O
USA,1,2020,43,b,25,10,1252,O,O
USA,1,2020,43,b,35,10,1785,O,O
USA,1,2020,43,b,45,10,3204,O,O
USA,1,2020,43,b,55,10,7764,O,O
USA,1,2020,43,b,65,10,11671,O,O
USA,1,2020,43,b,75,10,14596,O,O
USA,1,2020,43,b,85,+,17987,O,O
USA,1,2020,43,b,TOT,.,59312,O,O
USA,1,2020,44,m,0,1,170,O,O
USA,1,2020,44,m,1,4,33,O,O
USA,1,2020,44,m,5,10,61,O,O
USA,1,2020,44,m,15,10,435,O,O
USA,1,2020,44,m,25,10,947,O,O
USA,1,2020,44,m,35,10,1167,O,O
USA,1,2020,44,m,45,10,1961,O,O
USA,1,2020,44,m,55,10,4754,O,O
USA,1,2020,44,m,65,10,7025,O,O
USA,1,2020,44,m,75,10,7730,O,O
USA,1,2020,44,m,85,+,7118,O,O
USA,1,2020,44,m,TOT,.,31401,O,O
USA,1,2020,44,f,0,1,162,O,O
USA,1,2020,44,f,1,4,17,O,O
USA,1,2020,44,f,5,10,45,O,O
USA,1,2020,44,f,15,10,165,O,O
USA,1,2020,44,f,25,10,383,O,O
USA,1,2020,44,f,35,10,654,O,O
USA,1,2020,44,f,45,10,1304,O,O
USA,1,2020,44,f,55,10,2941,O,O
USA,1,2020,44,f,65,10,5194,O,O
USA,1,2020,44,f,75,10,7000,O,O
USA,1,2020,44,f,85,+,11038,O,O
USA,1,2020,44,f,TOT,.,28903,O,O
USA,1,2020,44,b,0,1,332,O,O
USA,1,2020,44,b,1,4,50,O,O
USA,1,2020,44,b,5,10,106,O,O
USA,1,2020,44,b,15,10,600,O,O
USA,1,2020,44,b,25,10,1330,O,O
USA,1,2020,44,b,35,10,1821,O,O
USA,1,2020,44,b,45,10,3265,O,O
USA,1,2020,44,b,55,10,7695,O,O
USA,1,2020,44,b,65,10,12219,O,O
USA,1,2020,44,b,75,10,14730,O,O
USA,1,2020,44,b,85,+,18156,O,O
USA,1,2020,44,b,TOT,.,60304,O,O
USA,1,2020,45,m,0,1,176,O,O
USA,1,2020,45,m,1,4,35,O,O
USA,1,2020,45,m,5,10,65,O,O
USA,1,2020,45,m,15,10,475,O,O
USA,1,2020,45,m,25,10,991,O,O
USA,1,2020,45,m,35,10,1266,O,O
USA,1,2020,45,m,45,10,2126,O,O
USA,1,2020,45,m,55,10,4883,O,O
USA,1,2020,45,m,65,10,7314,O,O
USA,1,2020,45,m,75,10,8279,O,O
USA,1,2020,45,m,85,+,7830,O,O
USA,1,2020,45,m,TOT,.,33440,O,O
USA,1,2020,45,f,0,1,153,O,O
USA,1,2020,45,f,1,4,17,O,O
USA,1,2020,45,f,5,10,35,O,O
USA,1,2020,45,f,15,10,179,O,O
USA,1,2020,45,f,25,10,377,O,O
USA,1,2020,45,f,35,10,687,O,O
USA,1,2020,45,f,45,10,1340,O,O
USA,1,2020,45,f,55,10,3091,O,O
USA,1,2020,45,f,65,10,5351,O,O
USA,1,2020,45,f,75,10,7553,O,O
USA,1,2020,45,f,85,+,11634,O,O
USA,1,2020,45,f,TOT,.,30417,O,O
USA,1,2020,45,b,0,1,329,O,O
USA,1,2020,45,b,1,4,52,O,O
USA,1,2020,45,b,5,10,100,O,O
USA,1,2020,45,b,15,10,654,O,O
USA,1,2020,45,b,25,10,1368,O,O
USA,1,2020,45,b,35,10,1953,O,O
USA,1,2020,45,b,45,10,3466,O,O
USA,1,2020,45,b,55,10,7974,O,O
USA,1,2020,45,b,65,10,12665,O,O
USA,1,2020,45,b,75,10,15832,O,O
USA,1,2020,45,b,85,+,19464,O,O
USA,1,2020,45,b,TOT,.,63857,O,O
USA,1,2020,46,m,0,1,167,O,O
USA,1,2020,46,m,1,4,30,O,O
USA,1,2020,46,m,5,10,71,O,O
USA,1,2020,46,m,15,10,489,O,O
USA,1,2020,46,m,25,10,917,O,O
USA,1,2020,46,m,35,10,1187,O,O
USA,1,2020,46,m,45,10,2121,O,O
USA,1,2020,46,m,55,10,5081,O,O
USA,1,2020,46,m,65,10,7703,O,O
USA,1,2020,46,m,75,10,8512,O,O
USA,1,2020,46,m,85,+,7920,O,O
USA,1,2020,46,m,TOT,.,34198,O,O
USA,1,2020,46,f,0,1,135,O,O
USA,1,2020,46,f,1,4,27,O,O
USA,1,2020,46,f,5,10,41,O,O
USA,1,2020,46,f,15,10,178,O,O
USA,1,2020,46,f,25,10,371,O,O
USA,1,2020,46,f,35,10,644,O,O
USA,1,2020,46,f,45,10,1330,O,O
USA,1,2020,46,f,55,10,3074,O,O
USA,1,2020,46,f,65,10,5309,O,O
USA,1,2020,46,f,75,10,7731,O,O
USA,1,2020,46,f,85,+,11936,O,O
USA,1,2020,46,f,TOT,.,30776,O,O
USA,1,2020,46,b,0,1,302,O,O
USA,1,2020,46,b,1,4,57,O,O
USA,1,2020,46,b,5,10,112,O,O
USA,1,2020,46,b,15,10,667,O,O
USA,1,2020,46,b,25,10,1288,O,O
USA,1,2020,46,b,35,10,1831,O,O
USA,1,2020,46,b,45,10,3451,O,O
USA,1,2020,46,b,55,10,8155,O,O
USA,1,2020,46,b,65,10,13012,O,O
USA,1,2020,46,b,75,10,16243,O,O
USA,1,2020,46,b,85,+,19856,O,O
USA,1,2020,46,b,TOT,.,64974,O,O
USA,1,2020,47,m,0,1,155,O,O
USA,1,2020,47,m,1,4,25,O,O
USA,1,2020,47,m,5,10,54,O,O
USA,1,2020,47,m,15,10,405,O,O
USA,1,2020,47,m,25,10,853,O,O
USA,1,2020,47,m,35,10,1249,O,O
USA,1,2020,47,m,45,10,2056,O,O
USA,1,2020,47,m,55,10,5019,O,O
USA,1,2020,47,m,65,10,7777,O,O
USA,1,2020,47,m,75,10,8970,O,O
USA,1,2020,47,m,85,+,8397,O,O
USA,1,2020,47,m,TOT,.,34960,O,O
USA,1,2020,47,f,0,1,142,O,O
USA,1,2020,47,f,1,4,21,O,O
USA,1,2020,47,f,5,10,40,O,O
USA,1,2020,47,f,15,10,175,O,O
USA,1,2020,47,f,25,10,369,O,O
USA,1,2020,47,f,35,10,642,O,O
USA,1,2020,47,f,45,10,1266,O,O
USA,1,2020,47,f,55,10,3206,O,O
USA,1,2020,47,f,65,10,5687,O,O
USA,1,2020,47,f,75,10,7898,O,O
USA,1,2020,47,f,85,+,12396,O,O
USA,1,2020,47,f,TOT,.,31842,O,O
USA,1,2020,47,b,0,1,297,O,O
USA,1,2020,47,b,1,4,46,O,O
USA,1,2020,47,b,5,10,94,O,O
USA,1,2020,47,b,15,10,580,O,O
USA,1,2020,47,b,25,10,1222,O,O
USA,1,2020,47,b,35,10,1891,O,O
USA,1,2020,47,b,45,10,3322,O,O
USA,1,2020,47,b,55,10,8225,O,O
USA,1,2020,47,b,65,10,13464,O,O
USA,1,2020,47,b,75,10,16868,O,O
USA,1,2020,47,b,85,+,20793,O,O
USA,1,2020,47,b,TOT,.,66802,O,O
USA,1,2020,48,m,0,1,126,O,O
USA,1,2020,48,m,1,4,25,O,O
USA,1,2020,48,m,5,10,55,O,O
USA,1,2020,48,m,15,10,444,O,O
USA,1,2020,48,m,25,10,886,O,O
USA,1,2020,48,m,35,10,1211,O,O
USA,1,2020,48,m,45,10,2132,O,O
USA,1,2020,48,m,55,10,4961,O,O
USA,1,2020,48,m,65,10,8007,O,O
USA,1,2020,48,m,75,10,8974,O,O
USA,1,2020,48,m,85,+,8677,O,O
USA,1,2020,48,m,TOT,.,35498,O,O
USA,1,2020,48,f,0,1,130,O,O
USA,1,2020,48,f,1,4,19,O,O
USA,1,2020,48,f,5,10,39,O,O
USA,1,2020,48,f,15,10,150,O,O
USA,1,2020,48,f,25,10,371,O,O
USA,1,2020,48,f,35,10,637,O,O
USA,1,2020,48,f,45,10,1244,O,O
USA,1,2020,48,f,55,10,3132,O,O
USA,1,2020,48,f,65,10,5594,O,O
USA,1,2020,48,f,75,10,7880,O,O
USA,1,2020,48,f,85,+,12649,O,O
USA,1,2020,48,f,TOT,.,31845,O,O
USA,1,2020,48,b,0,1,256,O,O
USA,1,2020,48,b,1,4,44,O,O
USA,1,2020,48,b,5,10,94,O,O
USA,1,2020,48,b,15,10,594,O,O
USA,1,2020,48,b,25,10,1257,O,O
USA,1,2020,48,b,35,10,1848,O,O
USA,1,2020,48,b,45,10,3376,O,O
USA,1,2020,48,b,55,10,8093,O,O
USA,1,2020,48,b,65,10,13601,O,O
USA,1,2020,48,b,75,10,16854,O,O
USA,1,2020,48,b,85,+,21326,O,O
USA,1,2020,48,b,TOT,.,67343,O,O
USA,1,2020,49,m,0,1,131,O,O
USA,1,2020,49,m,1,4,31,O,O
USA,1,2020,49,m,5,10,57,O,O
USA,1,2020,49,m,15,10,433,O,O
USA,1,2020,49,m,25,10,804,O,O
USA,1,2020,49,m,35,10,1127,O,O
USA,1,2020,49,m,45,10,2139,O,O
USA,1,2020,49,m,55,10,5146,O,O
USA,1,2020,49,m,65,10,8192,O,O
USA,1,2020,49,m,75,10,9455,O,O
USA,1,2020,49,m,85,+,8970,O,O
USA,1,2020,49,m,TOT,.,36485,O,O
USA,1,2020,49,f,0,1,99,O,O
USA,1,2020,49,f,1,4,23,O,O
USA,1,2020,49,f,5,10,31,O,O
USA,1,2020,49,f,15,10,158,O,O
USA,1,2020,49,f,25,10,378,O,O
USA,1,2020,49,f,35,10,650,O,O
USA,1,2020,49,f,45,10,1264,O,O
USA,1,2020,49,f,55,10,3220,O,O
USA,1,2020,49,f,65,10,5852,O,O
USA,1,2020,49,f,75,10,8263,O,O
USA,1,2020,49,f,85,+,13087,O,O
USA,1,2020,49,f,TOT,.,33025,O,O
USA,1,2020,49,b,0,1,230,O,O
USA,1,2020,49,b,1,4,54,O,O
USA,1,2020,49,b,5,10,88,O,O
USA,1,2020,49,b,15,10,591,O,O
USA,1,2020,49,b,25,10,1182,O,O
USA,1,2020,49,b,35,10,1777,O,O
USA,1,2020,49,b,45,10,3403,O,O
USA,1,2020,49,b,55,10,8366,O,O
USA,1,2020,49,b,65,10,14044,O,O
USA,1,2020,49,b,75,10,17718,O,O
USA,1,2020,49,b,85,+,22057,O,O
USA,1,2020,49,b,TOT,.,69510,O,O
USA,1,2020,50,m,0,1,123,O,O
USA,1,2020,50,m,1,4,29,O,O
USA,1,2020,50,m,5,10,36,O,O
USA,1,2020,50,m,15,10,384,O,O
USA,1,2020,50,m,25,10,778,O,O
USA,1,2020,50,m,35,10,1076,O,O
USA,1,2020,50,m,45,10,2045,O,O
USA,1,2020,50,m,55,10,5133,O,O
USA,1,2020,50,m,65,10,7859,O,O
USA,1,2020,50,m,75,10,9476,O,O
USA,1,2020,50,m,85,+,9099,O,O
USA,1,2020,50,m,TOT,.,36038,O,O
USA,1,2020,50,f,0,1,114,O,O
USA,1,2020,50,f,1,4,14,O,O
USA,1,2020,50,f,5,10,31,O,O
USA,1,2020,50,f,15,10,119,O,O
USA,1,2020,50,f,25,10,341,O,O
USA,1,2020,50,f,35,10,594,O,O
USA,1,2020,50,f,45,10,1261,O,O
USA,1,2020,50,f,55,10,3184,O,O
USA,1,2020,50,f,65,10,5652,O,O
USA,1,2020,50,f,75,10,8240,O,O
USA,1,2020,50,f,85,+,13407,O,O
USA,1,2020,50,f,TOT,.,32957,O,O
USA,1,2020,50,b,0,1,237,O,O
USA,1,2020,50,b,1,4,43,O,O
USA,1,2020,50,b,5,10,67,O,O
USA,1,2020,50,b,15,10,503,O,O
USA,1,2020,50,b,25,10,1119,O,O
USA,1,2020,50,b,35,10,1670,O,O
USA,1,2020,50,b,45,10,3306,O,O
USA,1,2020,50,b,55,10,8317,O,O
USA,1,2020,50,b,65,10,13511,O,O
USA,1,2020,50,b,75,10,17716,O,O
USA,1,2020,50,b,85,+,22506,O,O
USA,1,2020,50,b,TOT,.,68995,O,O
USA,1,2020,51,m,0,1,83,O,O
USA,1,2020,51,m,1,4,18,O,O
USA,1,2020,51,m,5,10,38,O,O
USA,1,2020,51,m,15,10,361,O,O
USA,1,2020,51,m,25,10,637,O,O
USA,1,2020,51,m,35,10,915,O,O
USA,1,2020,51,m,45,10,1715,O,O
USA,1,2020,51,m,55,10,4099,O,O
USA,1,2020,51,m,65,10,6674,O,O
USA,1,2020,51,m,75,10,7887,O,O
USA,1,2020,51,m,85,+,7603,O,O
USA,1,2020,51,m,TOT,.,30030,O,O
USA,1,2020,51,f,0,1,87,O,O
USA,1,2020,51,f,1,4,12,O,O
USA,1,2020,51,f,5,10,33,O,O
USA,1,2020,51,f,15,10,105,O,O
USA,1,2020,51,f,25,10,267,O,O
USA,1,2020,51,f,35,10,452,O,O
USA,1,2020,51,f,45,10,1059,O,O
USA,1,2020,51,f,55,10,2516,O,O
USA,1,2020,51,f,65,10,4748,O,O
USA,1,2020,51,f,75,10,7003,O,O
USA,1,2020,51,f,85,+,11336,O,O
USA,1,2020,51,f,TOT,.,27618,O,O
USA,1,2020,51,b,0,1,170,O,O
USA,1,2020,51,b,1,4,30,O,O
USA,1,2020,51,b,5,10,71,O,O
USA,1,2020,51,b,15,10,466,O,O
USA,1,2020,51,b,25,10,904,O,O
USA,1,2020,51,b,35,10,1367,O,O
USA,1,2020,51,b,45,10,2774,O,O
USA,1,2020,51,b,55,10,6615,O,O
USA,1,2020,51,b,65,10,11422,O,O
USA,1,2020,51,b,75,10,14890,O,O
USA,1,2020,51,b,85,+,18939,O,O
USA,1,2020,51,b,TOT,.,57648,O,O
